active_compute_proxy,approx_kl,checkpoint,ent_coef_current,entropy,env_id,eval/action_entropy,eval/action_greedy_match,eval/action_logit_margin,eval/action_max_prob,eval/failure_action_logit_margin,eval/failure_action_max_prob,eval/length_median,eval/long_action_max_prob,eval/short_action_max_prob,eval/success_action_logit_margin,eval/success_action_max_prob,eval_episode_length,eval_return,eval_success_rate,expert_load_0,expert_load_1,expert_load_2,expert_load_3,explained_variance,global_step,gpu_utilization,greedy,loss,mode,path_coverage_top_10,path_coverage_top_20,path_coverage_top_50,path_entropy,policy_loss,repr/direction_norm,repr/pooled_norm,repr/token_feature_std,repr/token_norm,repr/token_pairwise_cosine,rollout/action_entropy,rollout/action_greedy_match,rollout/action_logit_margin,rollout/action_max_prob,rollout/action_selected_prob,route_entropy,run_dir,temperature,throughput_fps,train/episode_length,train/episode_return,train/episodes_completed,train/success_rate,update,value_loss,variant,wall_clock_seconds
0.5,0.0026239838043693453,outputs/experiments/greedy_recovery/checkpoint_dynamics/minigrid_doorkey_sare_ent1e3_ckptscan/checkpoint_update_0010.pt,0.001,1.5710110440850258,MiniGrid-DoorKey-5x5-v0,1.6424131214916706,1.0,0.22208307713270187,0.35353177097067234,0.22208307713270187,0.35353177097067234,250.0,,0.35353177097067234,,,250.0,0.0,0.0,0.25417303293943405,0.251717958599329,0.2435914007946849,0.25051760859787464,-1.3131165504455566,5120.0,0.0,True,-0.0033919284178409725,greedy,1.0,1.0,1.0,1.1095999032258987,-0.0018716751947067678,11.305806398391724,9.450252532958984,0.5152212269604206,11.348168849945068,0.7168811187148094,1.564106747508049,0.328125,0.03402369096875191,0.3527940078638494,0.26340693212114275,1.3860120698809624,outputs/experiments/greedy_recovery/checkpoint_dynamics/minigrid_doorkey_sare_ent1e3_ckptscan,1.0,837.710602473857,250.0,0.0,1.0,0.0,10,0.00010151612082154315,sare,6.111895904003177
0.5,0.0026239838043693453,outputs/experiments/greedy_recovery/checkpoint_dynamics/minigrid_doorkey_sare_ent1e3_ckptscan/checkpoint_update_0010.pt,0.001,1.5710110440850258,MiniGrid-DoorKey-5x5-v0,1.6374780588367868,0.3509668399950258,0.23586989542311088,0.35749110667348694,0.22802431145836324,0.3550779684922274,250.0,,0.35749110667348694,0.24476155724982487,0.36022599661224775,200.6875,0.22439999738708138,0.46875,0.25417303293943405,0.251717958599329,0.2435914007946849,0.25051760859787464,-1.3131165504455566,5120.0,0.0,False,-0.0033919284178409725,sampled_t1.0,1.0,1.0,1.0,1.1095999032258987,-0.0018716751947067678,11.305806398391724,9.450252532958984,0.5152212269604206,11.348168849945068,0.7168811187148094,1.564106747508049,0.328125,0.03402369096875191,0.3527940078638494,0.26340693212114275,1.3860120698809624,outputs/experiments/greedy_recovery/checkpoint_dynamics/minigrid_doorkey_sare_ent1e3_ckptscan,1.0,837.710602473857,250.0,0.0,1.0,0.0,10,0.00010151612082154315,sare,6.111895904003177
0.5,0.0026239838043693453,outputs/experiments/greedy_recovery/checkpoint_dynamics/minigrid_doorkey_sare_ent1e3_ckptscan/checkpoint_update_0010.pt,0.001,1.5710110440850258,MiniGrid-DoorKey-5x5-v0,1.4080923161431063,0.4322220791005324,0.22805343157946661,0.4403027447892749,0.22246842328361843,0.4378323508241902,250.0,,0.4403027447892749,0.2423262305577453,0.44661597381115786,215.71875,0.15153750078752637,0.28125,0.25417303293943405,0.251717958599329,0.2435914007946849,0.25051760859787464,-1.3131165504455566,5120.0,0.0,False,-0.0033919284178409725,sampled_t0.7,1.0,1.0,1.0,1.1095999032258987,-0.0018716751947067678,11.305806398391724,9.450252532958984,0.5152212269604206,11.348168849945068,0.7168811187148094,1.564106747508049,0.328125,0.03402369096875191,0.3527940078638494,0.26340693212114275,1.3860120698809624,outputs/experiments/greedy_recovery/checkpoint_dynamics/minigrid_doorkey_sare_ent1e3_ckptscan,0.7,837.710602473857,250.0,0.0,1.0,0.0,10,0.00010151612082154315,sare,6.111895904003177
0.5,0.0026239838043693453,outputs/experiments/greedy_recovery/checkpoint_dynamics/minigrid_doorkey_sare_ent1e3_ckptscan/checkpoint_update_0010.pt,0.001,1.5710110440850258,MiniGrid-DoorKey-5x5-v0,1.1384992921098969,0.5197528076872264,0.22531205558994685,0.5277057383643149,0.22224877851659605,0.5258747814839536,250.0,,0.5277057383643149,0.23205126515131874,0.5317338435011099,211.4375,0.17007500119507313,0.3125,0.25417303293943405,0.251717958599329,0.2435914007946849,0.25051760859787464,-1.3131165504455566,5120.0,0.0,False,-0.0033919284178409725,sampled_t0.5,1.0,1.0,1.0,1.1095999032258987,-0.0018716751947067678,11.305806398391724,9.450252532958984,0.5152212269604206,11.348168849945068,0.7168811187148094,1.564106747508049,0.328125,0.03402369096875191,0.3527940078638494,0.26340693212114275,1.3860120698809624,outputs/experiments/greedy_recovery/checkpoint_dynamics/minigrid_doorkey_sare_ent1e3_ckptscan,0.5,837.710602473857,250.0,0.0,1.0,0.0,10,0.00010151612082154315,sare,6.111895904003177
0.5,0.009720705624204129,outputs/experiments/greedy_recovery/checkpoint_dynamics/minigrid_doorkey_sare_ent1e3_ckptscan/checkpoint_update_0020.pt,0.001,1.2692543044686317,MiniGrid-DoorKey-5x5-v0,1.1371590144336223,1.0,1.5979901860803365,0.6671377130448818,1.5979901860803365,0.6671377130448818,250.0,,0.6671377130448818,,,250.0,0.0,0.0,0.2519449908286333,0.2596586290746927,0.240826896391809,0.24756948184221983,0.11527669429779053,10240.0,0.0,True,-0.004650665905501228,greedy,0.9999999925494194,0.9999999925494194,0.9999999925494194,0.55349525436759,-0.0040325523586943746,11.31323790550232,9.332766115665436,0.5204568468034267,11.358435273170471,0.6960936412215233,1.3721523322165012,0.5703125,1.1899117771536112,0.5526473512873054,0.36342226527631283,1.3854330331087112,outputs/experiments/greedy_recovery/checkpoint_dynamics/minigrid_doorkey_sare_ent1e3_ckptscan,1.0,840.1287598616763,165.33333333333334,0.37146665652592975,3.0,0.6666666666666666,20,0.0013022820403421065,sare,12.188607853022404
0.5,0.009720705624204129,outputs/experiments/greedy_recovery/checkpoint_dynamics/minigrid_doorkey_sare_ent1e3_ckptscan/checkpoint_update_0020.pt,0.001,1.2692543044686317,MiniGrid-DoorKey-5x5-v0,1.130377758490554,0.6601180970142936,1.617364603412026,0.67006147972002,1.596773945003748,0.6670733308941126,248.5,0.6670733308941126,0.6730496285459273,1.6379552618203035,0.6730496285459273,181.03125,0.2982874996960163,0.5,0.2519449908286333,0.2596586290746927,0.240826896391809,0.24756948184221983,0.11527669429779053,10240.0,0.0,False,-0.004650665905501228,sampled_t1.0,0.9999999925494194,0.9999999925494194,0.9999999925494194,0.55349525436759,-0.0040325523586943746,11.31323790550232,9.332766115665436,0.5204568468034267,11.358435273170471,0.6960936412215233,1.3721523322165012,0.5703125,1.1899117771536112,0.5526473512873054,0.36342226527631283,1.3854330331087112,outputs/experiments/greedy_recovery/checkpoint_dynamics/minigrid_doorkey_sare_ent1e3_ckptscan,1.0,840.1287598616763,165.33333333333334,0.37146665652592975,3.0,0.6666666666666666,20,0.0013022820403421065,sare,12.188607853022404
0.5,0.009720705624204129,outputs/experiments/greedy_recovery/checkpoint_dynamics/minigrid_doorkey_sare_ent1e3_ckptscan/checkpoint_update_0020.pt,0.001,1.2692543044686317,MiniGrid-DoorKey-5x5-v0,0.6640843729471602,0.8312233954035444,1.6159695773025398,0.8339501174034012,1.6088222298120196,0.8329154133294757,250.0,,0.8339501174034012,1.6264157005579152,0.8354623772037537,206.46875,0.19733749888837337,0.40625,0.2519449908286333,0.2596586290746927,0.240826896391809,0.24756948184221983,0.11527669429779053,10240.0,0.0,False,-0.004650665905501228,sampled_t0.7,0.9999999925494194,0.9999999925494194,0.9999999925494194,0.55349525436759,-0.0040325523586943746,11.31323790550232,9.332766115665436,0.5204568468034267,11.358435273170471,0.6960936412215233,1.3721523322165012,0.5703125,1.1899117771536112,0.5526473512873054,0.36342226527631283,1.3854330331087112,outputs/experiments/greedy_recovery/checkpoint_dynamics/minigrid_doorkey_sare_ent1e3_ckptscan,0.7,840.1287598616763,165.33333333333334,0.37146665652592975,3.0,0.6666666666666666,20,0.0013022820403421065,sare,12.188607853022404
0.5,0.009720705624204129,outputs/experiments/greedy_recovery/checkpoint_dynamics/minigrid_doorkey_sare_ent1e3_ckptscan/checkpoint_update_0020.pt,0.001,1.2692543044686317,MiniGrid-DoorKey-5x5-v0,0.29603187081576515,0.937339577247859,1.606892838355785,0.9381219573093018,1.6105905620969574,0.9385729488011063,250.0,,0.9381219573093018,1.5711481755244494,0.9337623728885242,238.46875,0.05088749900460243,0.09375,0.2519449908286333,0.2596586290746927,0.240826896391809,0.24756948184221983,0.11527669429779053,10240.0,0.0,False,-0.004650665905501228,sampled_t0.5,0.9999999925494194,0.9999999925494194,0.9999999925494194,0.55349525436759,-0.0040325523586943746,11.31323790550232,9.332766115665436,0.5204568468034267,11.358435273170471,0.6960936412215233,1.3721523322165012,0.5703125,1.1899117771536112,0.5526473512873054,0.36342226527631283,1.3854330331087112,outputs/experiments/greedy_recovery/checkpoint_dynamics/minigrid_doorkey_sare_ent1e3_ckptscan,0.5,840.1287598616763,165.33333333333334,0.37146665652592975,3.0,0.6666666666666666,20,0.0013022820403421065,sare,12.188607853022404
0.5,0.002791444363538176,outputs/experiments/greedy_recovery/checkpoint_dynamics/minigrid_doorkey_sare_ent1e3_ckptscan/checkpoint_update_0030.pt,0.001,0.6208090856671333,MiniGrid-DoorKey-5x5-v0,0.6276773353666067,1.0,2.2413888374865056,0.8405226995646954,2.2413888374865056,0.8405226995646954,250.0,,0.8405226995646954,,,250.0,0.0,0.0,0.25535159930586815,0.25936418026685715,0.24227499216794968,0.24300923477858305,0.2554750442504883,15360.0,0.0,True,-0.00182803237112239,greedy,1.0,1.0,1.0,0.6037155091762543,-0.001453406410291791,11.320871531963348,9.366255462169647,0.5139884054660797,11.36485105752945,0.6997276470065117,0.6682909037917852,0.80859375,2.0265690702944994,0.8223041668534279,0.6804089569486678,1.385182797908783,outputs/experiments/greedy_recovery/checkpoint_dynamics/minigrid_doorkey_sare_ent1e3_ckptscan,1.0,832.5642004784772,223.5,0.1454000025987625,2.0,0.5,30,0.000492365343234269,sare,18.44902770401677
0.5,0.002791444363538176,outputs/experiments/greedy_recovery/checkpoint_dynamics/minigrid_doorkey_sare_ent1e3_ckptscan/checkpoint_update_0030.pt,0.001,0.6208090856671333,MiniGrid-DoorKey-5x5-v0,0.6232737478206144,0.8371305308185133,2.2601647261207347,0.8421647678751905,2.2464764723777773,0.8410189760804176,250.0,,0.8421647678751905,2.2829784823589976,0.8440744208664789,215.09375,0.16316250059753656,0.375,0.25535159930586815,0.25936418026685715,0.24227499216794968,0.24300923477858305,0.2554750442504883,15360.0,0.0,False,-0.00182803237112239,sampled_t1.0,1.0,1.0,1.0,0.6037155091762543,-0.001453406410291791,11.320871531963348,9.366255462169647,0.5139884054660797,11.36485105752945,0.6997276470065117,0.6682909037917852,0.80859375,2.0265690702944994,0.8223041668534279,0.6804089569486678,1.385182797908783,outputs/experiments/greedy_recovery/checkpoint_dynamics/minigrid_doorkey_sare_ent1e3_ckptscan,1.0,832.5642004784772,223.5,0.1454000025987625,2.0,0.5,30,0.000492365343234269,sare,18.44902770401677
0.5,0.002791444363538176,outputs/experiments/greedy_recovery/checkpoint_dynamics/minigrid_doorkey_sare_ent1e3_ckptscan/checkpoint_update_0030.pt,0.001,0.6208090856671333,MiniGrid-DoorKey-5x5-v0,0.2621316073567917,0.9462731481481481,2.26039132709746,0.945067262786958,2.2632523105067595,0.9452688438200181,250.0,,0.945067262786958,2.1717008414091885,0.9388182507620917,246.40625,0.016062499955296516,0.03125,0.25535159930586815,0.25936418026685715,0.24227499216794968,0.24300923477858305,0.2554750442504883,15360.0,0.0,False,-0.00182803237112239,sampled_t0.7,1.0,1.0,1.0,0.6037155091762543,-0.001453406410291791,11.320871531963348,9.366255462169647,0.5139884054660797,11.36485105752945,0.6997276470065117,0.6682909037917852,0.80859375,2.0265690702944994,0.8223041668534279,0.6804089569486678,1.385182797908783,outputs/experiments/greedy_recovery/checkpoint_dynamics/minigrid_doorkey_sare_ent1e3_ckptscan,0.7,832.5642004784772,223.5,0.1454000025987625,2.0,0.5,30,0.000492365343234269,sare,18.44902770401677
0.5,0.002791444363538176,outputs/experiments/greedy_recovery/checkpoint_dynamics/minigrid_doorkey_sare_ent1e3_ckptscan/checkpoint_update_0030.pt,0.001,0.6208090856671333,MiniGrid-DoorKey-5x5-v0,0.07895001097023488,0.984,2.2682854480445385,0.9866502685397863,2.2682854480445385,0.9866502685397863,250.0,,0.9866502685397863,,,250.0,0.0,0.0,0.25535159930586815,0.25936418026685715,0.24227499216794968,0.24300923477858305,0.2554750442504883,15360.0,0.0,False,-0.00182803237112239,sampled_t0.5,1.0,1.0,1.0,0.6037155091762543,-0.001453406410291791,11.320871531963348,9.366255462169647,0.5139884054660797,11.36485105752945,0.6997276470065117,0.6682909037917852,0.80859375,2.0265690702944994,0.8223041668534279,0.6804089569486678,1.385182797908783,outputs/experiments/greedy_recovery/checkpoint_dynamics/minigrid_doorkey_sare_ent1e3_ckptscan,0.5,832.5642004784772,223.5,0.1454000025987625,2.0,0.5,30,0.000492365343234269,sare,18.44902770401677
0.5,0.0008207311911974102,outputs/experiments/greedy_recovery/checkpoint_dynamics/minigrid_doorkey_sare_ent1e3_ckptscan/checkpoint_update_0040.pt,0.001,0.36049120500683784,MiniGrid-DoorKey-5x5-v0,0.3508137790448964,1.0,2.705847700446844,0.9174454993829131,2.705847700446844,0.9174454993829131,250.0,,0.9174454993829131,,,250.0,0.0,0.0,0.2570509687066078,0.25906493328511715,0.2410455783829093,0.24283851496875286,-3.513676643371582,20480.0,0.0,True,-0.0011892826296389103,greedy,0.9999999962747097,0.9999999962747097,0.9999999962747097,0.6054916828870773,-0.00083121721399948,11.329362273216248,8.744020342826843,0.5773135274648666,11.357821762561798,0.6089745722711086,0.3766672289930284,0.890625,2.5979584716260433,0.9089014250785112,0.8163325889036059,1.3847177028656006,outputs/experiments/greedy_recovery/checkpoint_dynamics/minigrid_doorkey_sare_ent1e3_ckptscan,1.0,832.746260197602,250.0,0.0,1.0,0.0,40,4.854866830328319e-06,sare,24.593325697002
0.5,0.0008207311911974102,outputs/experiments/greedy_recovery/checkpoint_dynamics/minigrid_doorkey_sare_ent1e3_ckptscan/checkpoint_update_0040.pt,0.001,0.36049120500683784,MiniGrid-DoorKey-5x5-v0,0.34290663365274665,0.9183749999999999,2.747765407383442,0.9201432497054338,2.747765407383442,0.9201432497054338,250.0,,0.9201432497054338,,,250.0,0.0,0.0,0.2570509687066078,0.25906493328511715,0.2410455783829093,0.24283851496875286,-3.513676643371582,20480.0,0.0,False,-0.0011892826296389103,sampled_t1.0,0.9999999962747097,0.9999999962747097,0.9999999962747097,0.6054916828870773,-0.00083121721399948,11.329362273216248,8.744020342826843,0.5773135274648666,11.357821762561798,0.6089745722711086,0.3766672289930284,0.890625,2.5979584716260433,0.9089014250785112,0.8163325889036059,1.3847177028656006,outputs/experiments/greedy_recovery/checkpoint_dynamics/minigrid_doorkey_sare_ent1e3_ckptscan,1.0,832.746260197602,250.0,0.0,1.0,0.0,40,4.854866830328319e-06,sare,24.593325697002
0.5,0.0008207311911974102,outputs/experiments/greedy_recovery/checkpoint_dynamics/minigrid_doorkey_sare_ent1e3_ckptscan/checkpoint_update_0040.pt,0.001,0.36049120500683784,MiniGrid-DoorKey-5x5-v0,0.11556543014664203,0.976375,2.767914387315512,0.9778884423449635,2.767914387315512,0.9778884423449635,250.0,,0.9778884423449635,,,250.0,0.0,0.0,0.2570509687066078,0.25906493328511715,0.2410455783829093,0.24283851496875286,-3.513676643371582,20480.0,0.0,False,-0.0011892826296389103,sampled_t0.7,0.9999999962747097,0.9999999962747097,0.9999999962747097,0.6054916828870773,-0.00083121721399948,11.329362273216248,8.744020342826843,0.5773135274648666,11.357821762561798,0.6089745722711086,0.3766672289930284,0.890625,2.5979584716260433,0.9089014250785112,0.8163325889036059,1.3847177028656006,outputs/experiments/greedy_recovery/checkpoint_dynamics/minigrid_doorkey_sare_ent1e3_ckptscan,0.7,832.746260197602,250.0,0.0,1.0,0.0,40,4.854866830328319e-06,sare,24.593325697002
0.5,0.0008207311911974102,outputs/experiments/greedy_recovery/checkpoint_dynamics/minigrid_doorkey_sare_ent1e3_ckptscan/checkpoint_update_0040.pt,0.001,0.36049120500683784,MiniGrid-DoorKey-5x5-v0,0.02887077868054621,0.9945,2.775035583078861,0.9955743965357542,2.775035583078861,0.9955743965357542,250.0,,0.9955743965357542,,,250.0,0.0,0.0,0.2570509687066078,0.25906493328511715,0.2410455783829093,0.24283851496875286,-3.513676643371582,20480.0,0.0,False,-0.0011892826296389103,sampled_t0.5,0.9999999962747097,0.9999999962747097,0.9999999962747097,0.6054916828870773,-0.00083121721399948,11.329362273216248,8.744020342826843,0.5773135274648666,11.357821762561798,0.6089745722711086,0.3766672289930284,0.890625,2.5979584716260433,0.9089014250785112,0.8163325889036059,1.3847177028656006,outputs/experiments/greedy_recovery/checkpoint_dynamics/minigrid_doorkey_sare_ent1e3_ckptscan,0.5,832.746260197602,250.0,0.0,1.0,0.0,40,4.854866830328319e-06,sare,24.593325697002
0.5,0.002437400951748714,outputs/experiments/greedy_recovery/checkpoint_dynamics/minigrid_doorkey_sare_ent1e3_ckptscan/checkpoint_update_0050.pt,0.001,0.4623920861631632,MiniGrid-DoorKey-5x5-v0,0.49064334919303654,1.0,2.737115251541138,0.8842805925533176,2.737115251541138,0.8842805925533176,250.0,,0.8842805925533176,,,250.0,0.0,0.0,0.24930794537067413,0.2618086840957403,0.24139606580138206,0.24748729169368744,-0.7376754283905029,25600.0,0.0,True,-0.006598408377612941,greedy,0.9999999962747097,0.9999999962747097,0.9999999962747097,0.5894054211676121,-0.006137908931123093,11.34157782793045,8.948014497756958,0.5531647130846977,11.354496419429779,0.6408997401595116,0.45451952889561653,0.8828125,2.616626013070345,0.8916783714666963,0.793096718378365,1.3848892003297806,outputs/experiments/greedy_recovery/checkpoint_dynamics/minigrid_doorkey_sare_ent1e3_ckptscan,1.0,834.1360951591485,250.0,0.0,1.0,0.0,50,3.7842489746253705e-06,sare,30.69043546798639
0.5,0.002437400951748714,outputs/experiments/greedy_recovery/checkpoint_dynamics/minigrid_doorkey_sare_ent1e3_ckptscan/checkpoint_update_0050.pt,0.001,0.4623920861631632,MiniGrid-DoorKey-5x5-v0,0.4863954630104369,0.88658287333437,2.7605852945928606,0.8856318920316015,2.7509138483179028,0.8850352818308205,250.0,,0.8856318920316015,2.854075941917452,0.8913991239724837,246.90625,0.020512499380856752,0.09375,0.24930794537067413,0.2618086840957403,0.24139606580138206,0.24748729169368744,-0.7376754283905029,25600.0,0.0,False,-0.006598408377612941,sampled_t1.0,0.9999999962747097,0.9999999962747097,0.9999999962747097,0.5894054211676121,-0.006137908931123093,11.34157782793045,8.948014497756958,0.5531647130846977,11.354496419429779,0.6408997401595116,0.45451952889561653,0.8828125,2.616626013070345,0.8916783714666963,0.793096718378365,1.3848892003297806,outputs/experiments/greedy_recovery/checkpoint_dynamics/minigrid_doorkey_sare_ent1e3_ckptscan,1.0,834.1360951591485,250.0,0.0,1.0,0.0,50,3.7842489746253705e-06,sare,30.69043546798639
0.5,0.002437400951748714,outputs/experiments/greedy_recovery/checkpoint_dynamics/minigrid_doorkey_sare_ent1e3_ckptscan/checkpoint_update_0050.pt,0.001,0.4623920861631632,MiniGrid-DoorKey-5x5-v0,0.17372771869041026,0.96475,2.781465026497841,0.9672914990335703,2.781465026497841,0.9672914990335703,250.0,,0.9672914990335703,,,250.0,0.0,0.0,0.24930794537067413,0.2618086840957403,0.24139606580138206,0.24748729169368744,-0.7376754283905029,25600.0,0.0,False,-0.006598408377612941,sampled_t0.7,0.9999999962747097,0.9999999962747097,0.9999999962747097,0.5894054211676121,-0.006137908931123093,11.34157782793045,8.948014497756958,0.5531647130846977,11.354496419429779,0.6408997401595116,0.45451952889561653,0.8828125,2.616626013070345,0.8916783714666963,0.793096718378365,1.3848892003297806,outputs/experiments/greedy_recovery/checkpoint_dynamics/minigrid_doorkey_sare_ent1e3_ckptscan,0.7,834.1360951591485,250.0,0.0,1.0,0.0,50,3.7842489746253705e-06,sare,30.69043546798639
0.5,0.002437400951748714,outputs/experiments/greedy_recovery/checkpoint_dynamics/minigrid_doorkey_sare_ent1e3_ckptscan/checkpoint_update_0050.pt,0.001,0.4623920861631632,MiniGrid-DoorKey-5x5-v0,0.04255743750394322,0.9922500000000001,2.783450658410788,0.9937045580074191,2.783450658410788,0.9937045580074191,250.0,,0.9937045580074191,,,250.0,0.0,0.0,0.24930794537067413,0.2618086840957403,0.24139606580138206,0.24748729169368744,-0.7376754283905029,25600.0,0.0,False,-0.006598408377612941,sampled_t0.5,0.9999999962747097,0.9999999962747097,0.9999999962747097,0.5894054211676121,-0.006137908931123093,11.34157782793045,8.948014497756958,0.5531647130846977,11.354496419429779,0.6408997401595116,0.45451952889561653,0.8828125,2.616626013070345,0.8916783714666963,0.793096718378365,1.3848892003297806,outputs/experiments/greedy_recovery/checkpoint_dynamics/minigrid_doorkey_sare_ent1e3_ckptscan,0.5,834.1360951591485,250.0,0.0,1.0,0.0,50,3.7842489746253705e-06,sare,30.69043546798639
0.5,0.0019026142545044422,outputs/experiments/greedy_recovery/checkpoint_dynamics/minigrid_doorkey_sare_ent1e3_ckptscan/checkpoint_update_0060.pt,0.001,0.7340495027601719,MiniGrid-DoorKey-5x5-v0,0.691493327409029,1.0,2.1700377484858038,0.8065778717249632,2.1700377484858038,0.8065778717249632,250.0,,0.8065778717249632,,,250.0,0.0,0.0,0.24405004922300577,0.27275511622428894,0.2400453658774495,0.2431494751945138,-0.8850973844528198,30720.0,0.0,True,-0.0019210866012144834,greedy,0.9999999925494194,0.9999999925494194,0.9999999925494194,0.5549655184149742,-0.0012005071039311588,11.339578092098236,9.320236563682556,0.511862650513649,11.365488290786743,0.6951524540781975,0.7814125409349799,0.771484375,1.923895701766014,0.767125085927546,0.6158699565567076,1.383988618850708,outputs/experiments/greedy_recovery/checkpoint_dynamics/minigrid_doorkey_sare_ent1e3_ckptscan,1.0,833.4327464358822,0.0,0.0,0.0,0.0,60,2.6941425403492758e-05,sare,36.85960280703148
0.5,0.0019026142545044422,outputs/experiments/greedy_recovery/checkpoint_dynamics/minigrid_doorkey_sare_ent1e3_ckptscan/checkpoint_update_0060.pt,0.001,0.7340495027601719,MiniGrid-DoorKey-5x5-v0,0.6892416362294224,0.8049214025601656,2.1635281709903937,0.8073795157509343,2.1664635477066034,0.8076208551862966,250.0,,0.8073795157509343,2.1560266527156338,0.8067627594161192,231.0,0.09652499807998538,0.28125,0.24405004922300577,0.27275511622428894,0.2400453658774495,0.2431494751945138,-0.8850973844528198,30720.0,0.0,False,-0.0019210866012144834,sampled_t1.0,0.9999999925494194,0.9999999925494194,0.9999999925494194,0.5549655184149742,-0.0012005071039311588,11.339578092098236,9.320236563682556,0.511862650513649,11.365488290786743,0.6951524540781975,0.7814125409349799,0.771484375,1.923895701766014,0.767125085927546,0.6158699565567076,1.383988618850708,outputs/experiments/greedy_recovery/checkpoint_dynamics/minigrid_doorkey_sare_ent1e3_ckptscan,1.0,833.4327464358822,0.0,0.0,0.0,0.0,60,2.6941425403492758e-05,sare,36.85960280703148
0.5,0.0019026142545044422,outputs/experiments/greedy_recovery/checkpoint_dynamics/minigrid_doorkey_sare_ent1e3_ckptscan/checkpoint_update_0060.pt,0.001,0.7340495027601719,MiniGrid-DoorKey-5x5-v0,0.3424239958660115,0.9217738095238095,2.172856131971355,0.9210901155133568,2.173092656074031,0.9211233548195131,250.0,,0.9210901155133568,2.165523884788392,0.9200596970225138,246.125,0.01707500033080578,0.03125,0.24405004922300577,0.27275511622428894,0.2400453658774495,0.2431494751945138,-0.8850973844528198,30720.0,0.0,False,-0.0019210866012144834,sampled_t0.7,0.9999999925494194,0.9999999925494194,0.9999999925494194,0.5549655184149742,-0.0012005071039311588,11.339578092098236,9.320236563682556,0.511862650513649,11.365488290786743,0.6951524540781975,0.7814125409349799,0.771484375,1.923895701766014,0.767125085927546,0.6158699565567076,1.383988618850708,outputs/experiments/greedy_recovery/checkpoint_dynamics/minigrid_doorkey_sare_ent1e3_ckptscan,0.7,833.4327464358822,0.0,0.0,0.0,0.0,60,2.6941425403492758e-05,sare,36.85960280703148
0.5,0.0019026142545044422,outputs/experiments/greedy_recovery/checkpoint_dynamics/minigrid_doorkey_sare_ent1e3_ckptscan/checkpoint_update_0060.pt,0.001,0.7340495027601719,MiniGrid-DoorKey-5x5-v0,0.1232090024612844,0.975375,2.1775714008510114,0.9776485232189298,2.1775714008510114,0.9776485232189298,250.0,,0.9776485232189298,,,250.0,0.0,0.0,0.24405004922300577,0.27275511622428894,0.2400453658774495,0.2431494751945138,-0.8850973844528198,30720.0,0.0,False,-0.0019210866012144834,sampled_t0.5,0.9999999925494194,0.9999999925494194,0.9999999925494194,0.5549655184149742,-0.0012005071039311588,11.339578092098236,9.320236563682556,0.511862650513649,11.365488290786743,0.6951524540781975,0.7814125409349799,0.771484375,1.923895701766014,0.767125085927546,0.6158699565567076,1.383988618850708,outputs/experiments/greedy_recovery/checkpoint_dynamics/minigrid_doorkey_sare_ent1e3_ckptscan,0.5,833.4327464358822,0.0,0.0,0.0,0.0,60,2.6941425403492758e-05,sare,36.85960280703148
0.5,0.0005038637027610093,outputs/experiments/greedy_recovery/checkpoint_dynamics/minigrid_doorkey_sare_ent1e3_ckptscan/checkpoint_update_0070.pt,0.001,0.5736766383051872,MiniGrid-DoorKey-5x5-v0,0.6150455697998405,1.0,2.137925102353096,0.8363670673742891,2.137925102353096,0.8363670673742891,250.0,,0.8363670673742891,,,250.0,0.0,0.0,0.2464292487129569,0.26350980810821056,0.2410000180825591,0.2490609297528863,-2.420764446258545,35840.0,0.0,True,-0.002592737544546253,greedy,0.9999999850988388,0.9999999850988388,0.9999999850988388,0.5316473878920078,-0.002020631800405681,11.348535358905792,9.432790577411652,0.4989791661500931,11.364595413208008,0.7117445841431618,0.5505593456327915,0.859375,2.343038931488991,0.8605438163504004,0.7484853742644191,1.384873054921627,outputs/experiments/greedy_recovery/checkpoint_dynamics/minigrid_doorkey_sare_ent1e3_ckptscan,1.0,826.7444296281758,250.0,0.0,3.0,0.0,70,3.1412075713888044e-06,sare,43.350760786037426
0.5,0.0005038637027610093,outputs/experiments/greedy_recovery/checkpoint_dynamics/minigrid_doorkey_sare_ent1e3_ckptscan/checkpoint_update_0070.pt,0.001,0.5736766383051872,MiniGrid-DoorKey-5x5-v0,0.6144394296737457,0.8343397928189211,2.137697650806441,0.8365106135850459,2.1382527671960685,0.8366247959045262,250.0,,0.8365106135850459,2.135292146451388,0.8360158235339634,232.46875,0.08186249854043126,0.1875,0.2464292487129569,0.26350980810821056,0.2410000180825591,0.2490609297528863,-2.420764446258545,35840.0,0.0,False,-0.002592737544546253,sampled_t1.0,0.9999999850988388,0.9999999850988388,0.9999999850988388,0.5316473878920078,-0.002020631800405681,11.348535358905792,9.432790577411652,0.4989791661500931,11.364595413208008,0.7117445841431618,0.5505593456327915,0.859375,2.343038931488991,0.8605438163504004,0.7484853742644191,1.384873054921627,outputs/experiments/greedy_recovery/checkpoint_dynamics/minigrid_doorkey_sare_ent1e3_ckptscan,1.0,826.7444296281758,250.0,0.0,3.0,0.0,70,3.1412075713888044e-06,sare,43.350760786037426
0.5,0.0005038637027610093,outputs/experiments/greedy_recovery/checkpoint_dynamics/minigrid_doorkey_sare_ent1e3_ckptscan/checkpoint_update_0070.pt,0.001,0.5736766383051872,MiniGrid-DoorKey-5x5-v0,0.2786042830944061,0.93525,2.1385925794243814,0.9383167963400483,2.1385925794243814,0.9383167963400483,250.0,,0.9383167963400483,,,250.0,0.0,0.0,0.2464292487129569,0.26350980810821056,0.2410000180825591,0.2490609297528863,-2.420764446258545,35840.0,0.0,False,-0.002592737544546253,sampled_t0.7,0.9999999850988388,0.9999999850988388,0.9999999850988388,0.5316473878920078,-0.002020631800405681,11.348535358905792,9.432790577411652,0.4989791661500931,11.364595413208008,0.7117445841431618,0.5505593456327915,0.859375,2.343038931488991,0.8605438163504004,0.7484853742644191,1.384873054921627,outputs/experiments/greedy_recovery/checkpoint_dynamics/minigrid_doorkey_sare_ent1e3_ckptscan,0.7,826.7444296281758,250.0,0.0,3.0,0.0,70,3.1412075713888044e-06,sare,43.350760786037426
0.5,0.0005038637027610093,outputs/experiments/greedy_recovery/checkpoint_dynamics/minigrid_doorkey_sare_ent1e3_ckptscan/checkpoint_update_0070.pt,0.001,0.5736766383051872,MiniGrid-DoorKey-5x5-v0,0.09517660711519421,0.9817499999999999,2.135464022159576,0.9830295701995493,2.135464022159576,0.9830295701995493,250.0,,0.9830295701995493,,,250.0,0.0,0.0,0.2464292487129569,0.26350980810821056,0.2410000180825591,0.2490609297528863,-2.420764446258545,35840.0,0.0,False,-0.002592737544546253,sampled_t0.5,0.9999999850988388,0.9999999850988388,0.9999999850988388,0.5316473878920078,-0.002020631800405681,11.348535358905792,9.432790577411652,0.4989791661500931,11.364595413208008,0.7117445841431618,0.5505593456327915,0.859375,2.343038931488991,0.8605438163504004,0.7484853742644191,1.384873054921627,outputs/experiments/greedy_recovery/checkpoint_dynamics/minigrid_doorkey_sare_ent1e3_ckptscan,0.5,826.7444296281758,250.0,0.0,3.0,0.0,70,3.1412075713888044e-06,sare,43.350760786037426
0.5,4.969770088791847e-07,outputs/experiments/greedy_recovery/checkpoint_dynamics/minigrid_doorkey_sare_ent1e3_ckptscan/checkpoint_update_0080.pt,0.001,0.6241109818220139,MiniGrid-DoorKey-5x5-v0,0.6202189762815833,1.0,2.2395853465795517,0.8374236098006367,2.2395853465795517,0.8374236098006367,250.0,,0.8374236098006367,,,250.0,0.0,0.0,0.24630863033235073,0.26587425731122494,0.24074932746589184,0.24706777278333902,-3.684631824493408,40960.0,0.0,True,-0.0006890994845889509,greedy,0.9999999962747097,0.9999999962747097,0.9999999962747097,0.5542947575449944,-6.619421765208244e-05,11.336283802986145,9.276978552341461,0.5159175135195255,11.364244043827057,0.6898856312036514,0.6247197510674596,0.8203125,2.234803717583418,0.8357961624860764,0.6980664972215891,1.384665846824646,outputs/experiments/greedy_recovery/checkpoint_dynamics/minigrid_doorkey_sare_ent1e3_ckptscan,1.0,826.2175189487674,0.0,0.0,0.0,0.0,80,2.409432660499533e-06,sare,49.575322552002035
0.5,4.969770088791847e-07,outputs/experiments/greedy_recovery/checkpoint_dynamics/minigrid_doorkey_sare_ent1e3_ckptscan/checkpoint_update_0080.pt,0.001,0.6241109818220139,MiniGrid-DoorKey-5x5-v0,0.6186211615065689,0.8349317835873582,2.239888296404719,0.837882335943517,2.2409058737388023,0.8381835692020563,250.0,,0.837882335943517,2.2354787946236905,0.83657699182318,236.6875,0.06667499896138906,0.1875,0.24630863033235073,0.26587425731122494,0.24074932746589184,0.24706777278333902,-3.684631824493408,40960.0,0.0,False,-0.0006890994845889509,sampled_t1.0,0.9999999962747097,0.9999999962747097,0.9999999962747097,0.5542947575449944,-6.619421765208244e-05,11.336283802986145,9.276978552341461,0.5159175135195255,11.364244043827057,0.6898856312036514,0.6247197510674596,0.8203125,2.234803717583418,0.8357961624860764,0.6980664972215891,1.384665846824646,outputs/experiments/greedy_recovery/checkpoint_dynamics/minigrid_doorkey_sare_ent1e3_ckptscan,1.0,826.2175189487674,0.0,0.0,0.0,0.0,80,2.409432660499533e-06,sare,49.575322552002035
0.5,4.969770088791847e-07,outputs/experiments/greedy_recovery/checkpoint_dynamics/minigrid_doorkey_sare_ent1e3_ckptscan/checkpoint_update_0080.pt,0.001,0.6241109818220139,MiniGrid-DoorKey-5x5-v0,0.2736359885110471,0.9393432017543859,2.2426254659627087,0.9410383353297387,2.2426760432335637,0.9410196680022824,250.0,,0.9410383353297387,2.241057570566211,0.941617022480881,249.3125,0.00559999980032444,0.03125,0.24630863033235073,0.26587425731122494,0.24074932746589184,0.24706777278333902,-3.684631824493408,40960.0,0.0,False,-0.0006890994845889509,sampled_t0.7,0.9999999962747097,0.9999999962747097,0.9999999962747097,0.5542947575449944,-6.619421765208244e-05,11.336283802986145,9.276978552341461,0.5159175135195255,11.364244043827057,0.6898856312036514,0.6247197510674596,0.8203125,2.234803717583418,0.8357961624860764,0.6980664972215891,1.384665846824646,outputs/experiments/greedy_recovery/checkpoint_dynamics/minigrid_doorkey_sare_ent1e3_ckptscan,0.7,826.2175189487674,0.0,0.0,0.0,0.0,80,2.409432660499533e-06,sare,49.575322552002035
0.5,4.969770088791847e-07,outputs/experiments/greedy_recovery/checkpoint_dynamics/minigrid_doorkey_sare_ent1e3_ckptscan/checkpoint_update_0080.pt,0.001,0.6241109818220139,MiniGrid-DoorKey-5x5-v0,0.08894301132950932,0.9837499999999999,2.23820624256134,0.9847107567489147,2.23820624256134,0.9847107567489147,250.0,,0.9847107567489147,,,250.0,0.0,0.0,0.24630863033235073,0.26587425731122494,0.24074932746589184,0.24706777278333902,-3.684631824493408,40960.0,0.0,False,-0.0006890994845889509,sampled_t0.5,0.9999999962747097,0.9999999962747097,0.9999999962747097,0.5542947575449944,-6.619421765208244e-05,11.336283802986145,9.276978552341461,0.5159175135195255,11.364244043827057,0.6898856312036514,0.6247197510674596,0.8203125,2.234803717583418,0.8357961624860764,0.6980664972215891,1.384665846824646,outputs/experiments/greedy_recovery/checkpoint_dynamics/minigrid_doorkey_sare_ent1e3_ckptscan,0.5,826.2175189487674,0.0,0.0,0.0,0.0,80,2.409432660499533e-06,sare,49.575322552002035
1.0,0.004358019970823079,outputs/experiments/greedy_recovery/checkpoint_dynamics/minigrid_doorkey_single_expert_ent1e3_ckptscan/checkpoint_update_0010.pt,0.001,1.8379168659448624,MiniGrid-DoorKey-5x5-v0,1.8370688398182393,1.0,0.04980717481672764,0.23493801035732031,0.04980717481672764,0.23493801035732031,250.0,,0.23493801035732031,,,250.0,0.0,0.0,1.0,,,,-0.4869513511657715,5120.0,0.0,True,-0.003323323850054294,greedy,1.0,1.0,1.0,0.0,-0.0014884329284541309,11.308263957500458,9.677500069141388,0.4800817519426346,11.359680116176605,0.7506996430456638,1.8254614509642124,0.232421875,0.044879581429995596,0.232485227053985,0.17479730781633407,0.0,outputs/experiments/greedy_recovery/checkpoint_dynamics/minigrid_doorkey_single_expert_ent1e3_ckptscan,1.0,1373.9320836034105,250.0,0.0,1.0,0.0,10,6.049530711038642e-06,single_expert,3.72653063503094
1.0,0.004358019970823079,outputs/experiments/greedy_recovery/checkpoint_dynamics/minigrid_doorkey_single_expert_ent1e3_ckptscan/checkpoint_update_0010.pt,0.001,1.8379168659448624,MiniGrid-DoorKey-5x5-v0,1.8368635665637894,0.23592872608433174,0.05057313200508569,0.2352167075755813,0.051027849356333414,0.2352101679488465,250.0,,0.2352167075755813,0.048117658308347945,0.23525202155994948,235.53125,0.06771250069141388,0.15625,1.0,,,,-0.4869513511657715,5120.0,0.0,False,-0.003323323850054294,sampled_t1.0,1.0,1.0,1.0,0.0,-0.0014884329284541309,11.308263957500458,9.677500069141388,0.4800817519426346,11.359680116176605,0.7506996430456638,1.8254614509642124,0.232421875,0.044879581429995596,0.232485227053985,0.17479730781633407,0.0,outputs/experiments/greedy_recovery/checkpoint_dynamics/minigrid_doorkey_single_expert_ent1e3_ckptscan,1.0,1373.9320836034105,250.0,0.0,1.0,0.0,10,6.049530711038642e-06,single_expert,3.72653063503094
1.0,0.004358019970823079,outputs/experiments/greedy_recovery/checkpoint_dynamics/minigrid_doorkey_single_expert_ent1e3_ckptscan/checkpoint_update_0010.pt,0.001,1.8379168659448624,MiniGrid-DoorKey-5x5-v0,1.744986778582349,0.27489833400240865,0.04953369671236995,0.27304148465151257,0.04958031799793243,0.27302564649581906,250.0,,0.27304148465151257,0.04883437742893275,0.2732790569869148,245.40625,0.022787499707192183,0.0625,1.0,,,,-0.4869513511657715,5120.0,0.0,False,-0.003323323850054294,sampled_t0.7,1.0,1.0,1.0,0.0,-0.0014884329284541309,11.308263957500458,9.677500069141388,0.4800817519426346,11.359680116176605,0.7506996430456638,1.8254614509642124,0.232421875,0.044879581429995596,0.232485227053985,0.17479730781633407,0.0,outputs/experiments/greedy_recovery/checkpoint_dynamics/minigrid_doorkey_single_expert_ent1e3_ckptscan,0.7,1373.9320836034105,250.0,0.0,1.0,0.0,10,6.049530711038642e-06,single_expert,3.72653063503094
1.0,0.004358019970823079,outputs/experiments/greedy_recovery/checkpoint_dynamics/minigrid_doorkey_single_expert_ent1e3_ckptscan/checkpoint_update_0010.pt,0.001,1.8379168659448624,MiniGrid-DoorKey-5x5-v0,1.6108134595449055,0.3162067610062893,0.05107603369573564,0.3191274948153621,0.05127770598729452,0.31916277098258333,250.0,,0.3191274948153621,0.04805094932235262,0.3185983523070437,244.03125,0.02773750014603138,0.0625,1.0,,,,-0.4869513511657715,5120.0,0.0,False,-0.003323323850054294,sampled_t0.5,1.0,1.0,1.0,0.0,-0.0014884329284541309,11.308263957500458,9.677500069141388,0.4800817519426346,11.359680116176605,0.7506996430456638,1.8254614509642124,0.232421875,0.044879581429995596,0.232485227053985,0.17479730781633407,0.0,outputs/experiments/greedy_recovery/checkpoint_dynamics/minigrid_doorkey_single_expert_ent1e3_ckptscan,0.5,1373.9320836034105,250.0,0.0,1.0,0.0,10,6.049530711038642e-06,single_expert,3.72653063503094
1.0,0.002350022958125919,outputs/experiments/greedy_recovery/checkpoint_dynamics/minigrid_doorkey_single_expert_ent1e3_ckptscan/checkpoint_update_0020.pt,0.001,1.6684362515807152,MiniGrid-DoorKey-5x5-v0,1.6782369131296875,1.0,0.258663004130125,0.3152207075096667,0.258663004130125,0.3152207075096667,250.0,,0.3152207075096667,,,250.0,0.0,0.0,1.0,,,,-3.7770628929138184,10240.0,0.0,True,-0.0021213177242316306,greedy,1.0,1.0,1.0,0.0,-0.000454573892056942,11.304636538028717,9.876656532287598,0.4503385443240404,11.378453731536865,0.7798157744109631,1.6555134877562523,0.345703125,0.3171624531969428,0.34801830584183335,0.23136739316396415,0.0,outputs/experiments/greedy_recovery/checkpoint_dynamics/minigrid_doorkey_single_expert_ent1e3_ckptscan,1.0,1382.362753348845,250.0,0.0,4.0,0.0,20,3.384364703151732e-06,single_expert,7.4076069940347224
1.0,0.002350022958125919,outputs/experiments/greedy_recovery/checkpoint_dynamics/minigrid_doorkey_single_expert_ent1e3_ckptscan/checkpoint_update_0020.pt,0.001,1.6684362515807152,MiniGrid-DoorKey-5x5-v0,1.6780539078220085,0.3120642030919809,0.2672158489761539,0.316077445356594,0.2645182431237451,0.3157712598956865,250.0,,0.316077445356594,0.29329270554943915,0.31903723814536694,248.90625,0.013312500203028321,0.09375,1.0,,,,-3.7770628929138184,10240.0,0.0,False,-0.0021213177242316306,sampled_t1.0,1.0,1.0,1.0,0.0,-0.000454573892056942,11.304636538028717,9.876656532287598,0.4503385443240404,11.378453731536865,0.7798157744109631,1.6555134877562523,0.345703125,0.3171624531969428,0.34801830584183335,0.23136739316396415,0.0,outputs/experiments/greedy_recovery/checkpoint_dynamics/minigrid_doorkey_single_expert_ent1e3_ckptscan,1.0,1382.362753348845,250.0,0.0,4.0,0.0,20,3.384364703151732e-06,single_expert,7.4076069940347224
1.0,0.002350022958125919,outputs/experiments/greedy_recovery/checkpoint_dynamics/minigrid_doorkey_single_expert_ent1e3_ckptscan/checkpoint_update_0020.pt,0.001,1.6684362515807152,MiniGrid-DoorKey-5x5-v0,1.5176571937948466,0.382125,0.263686209090054,0.38341270354390145,0.263686209090054,0.38341270354390145,250.0,,0.38341270354390145,,,250.0,0.0,0.0,1.0,,,,-3.7770628929138184,10240.0,0.0,False,-0.0021213177242316306,sampled_t0.7,1.0,1.0,1.0,0.0,-0.000454573892056942,11.304636538028717,9.876656532287598,0.4503385443240404,11.378453731536865,0.7798157744109631,1.6555134877562523,0.345703125,0.3171624531969428,0.34801830584183335,0.23136739316396415,0.0,outputs/experiments/greedy_recovery/checkpoint_dynamics/minigrid_doorkey_single_expert_ent1e3_ckptscan,0.7,1382.362753348845,250.0,0.0,4.0,0.0,20,3.384364703151732e-06,single_expert,7.4076069940347224
1.0,0.002350022958125919,outputs/experiments/greedy_recovery/checkpoint_dynamics/minigrid_doorkey_single_expert_ent1e3_ckptscan/checkpoint_update_0020.pt,0.001,1.6684362515807152,MiniGrid-DoorKey-5x5-v0,1.3290183918625114,0.46375,0.2639876220226288,0.46327861093357203,0.2639876220226288,0.46327861093357203,250.0,,0.46327861093357203,,,250.0,0.0,0.0,1.0,,,,-3.7770628929138184,10240.0,0.0,False,-0.0021213177242316306,sampled_t0.5,1.0,1.0,1.0,0.0,-0.000454573892056942,11.304636538028717,9.876656532287598,0.4503385443240404,11.378453731536865,0.7798157744109631,1.6555134877562523,0.345703125,0.3171624531969428,0.34801830584183335,0.23136739316396415,0.0,outputs/experiments/greedy_recovery/checkpoint_dynamics/minigrid_doorkey_single_expert_ent1e3_ckptscan,0.5,1382.362753348845,250.0,0.0,4.0,0.0,20,3.384364703151732e-06,single_expert,7.4076069940347224
1.0,0.004993812966858968,outputs/experiments/greedy_recovery/checkpoint_dynamics/minigrid_doorkey_single_expert_ent1e3_ckptscan/checkpoint_update_0030.pt,0.001,1.4949122741818428,MiniGrid-DoorKey-5x5-v0,1.512449864447117,1.0,0.9739788448140025,0.48556656190007924,0.9739788448140025,0.48556656190007924,250.0,,0.48556656190007924,,,250.0,0.0,0.0,1.0,,,,-1.5724146366119385,15360.0,0.0,True,-0.009078432980459183,greedy,1.0,1.0,1.0,0.0,-0.00758478173520416,11.30672949552536,9.752328157424927,0.46441762149333954,11.379824578762054,0.7599985525012016,1.4871247094124556,0.494140625,1.202592644840479,0.5088819628581405,0.30765801342204213,0.0,outputs/experiments/greedy_recovery/checkpoint_dynamics/minigrid_doorkey_single_expert_ent1e3_ckptscan,1.0,1384.7312825438223,250.0,0.0,2.0,0.0,30,2.5215011447699e-06,single_expert,11.092404854018241
1.0,0.004993812966858968,outputs/experiments/greedy_recovery/checkpoint_dynamics/minigrid_doorkey_single_expert_ent1e3_ckptscan/checkpoint_update_0030.pt,0.001,1.4949122741818428,MiniGrid-DoorKey-5x5-v0,1.5122968583260472,0.4796081081081081,0.9728607724831325,0.4857727795903558,0.9729052453120549,0.48575729105869925,250.0,,0.4857727795903558,0.9721936800492967,0.48600510756520304,246.46875,0.0189624996855855,0.0625,1.0,,,,-1.5724146366119385,15360.0,0.0,False,-0.009078432980459183,sampled_t1.0,1.0,1.0,1.0,0.0,-0.00758478173520416,11.30672949552536,9.752328157424927,0.46441762149333954,11.379824578762054,0.7599985525012016,1.4871247094124556,0.494140625,1.202592644840479,0.5088819628581405,0.30765801342204213,0.0,outputs/experiments/greedy_recovery/checkpoint_dynamics/minigrid_doorkey_single_expert_ent1e3_ckptscan,1.0,1384.7312825438223,250.0,0.0,2.0,0.0,30,2.5215011447699e-06,single_expert,11.092404854018241
1.0,0.004993812966858968,outputs/experiments/greedy_recovery/checkpoint_dynamics/minigrid_doorkey_single_expert_ent1e3_ckptscan/checkpoint_update_0030.pt,0.001,1.4949122741818428,MiniGrid-DoorKey-5x5-v0,1.1708273360870889,0.6415405652937783,0.973095542622875,0.6397586315757133,0.973057895558221,0.6395243743402618,250.0,,0.6397586315757133,0.9733590720754529,0.6413984322238746,243.625,0.03544999985024333,0.125,1.0,,,,-1.5724146366119385,15360.0,0.0,False,-0.009078432980459183,sampled_t0.7,1.0,1.0,1.0,0.0,-0.00758478173520416,11.30672949552536,9.752328157424927,0.46441762149333954,11.379824578762054,0.7599985525012016,1.4871247094124556,0.494140625,1.202592644840479,0.5088819628581405,0.30765801342204213,0.0,outputs/experiments/greedy_recovery/checkpoint_dynamics/minigrid_doorkey_single_expert_ent1e3_ckptscan,0.7,1384.7312825438223,250.0,0.0,2.0,0.0,30,2.5215011447699e-06,single_expert,11.092404854018241
1.0,0.004993812966858968,outputs/experiments/greedy_recovery/checkpoint_dynamics/minigrid_doorkey_single_expert_ent1e3_ckptscan/checkpoint_update_0030.pt,0.001,1.4949122741818428,MiniGrid-DoorKey-5x5-v0,0.7638419936425384,0.7898080568720378,0.9727086226155195,0.7922911656862257,0.9727280305354824,0.7923441106811647,250.0,,0.7922911656862257,0.972106977096666,0.790649870843119,248.78125,0.0075125000439584255,0.03125,1.0,,,,-1.5724146366119385,15360.0,0.0,False,-0.009078432980459183,sampled_t0.5,1.0,1.0,1.0,0.0,-0.00758478173520416,11.30672949552536,9.752328157424927,0.46441762149333954,11.379824578762054,0.7599985525012016,1.4871247094124556,0.494140625,1.202592644840479,0.5088819628581405,0.30765801342204213,0.0,outputs/experiments/greedy_recovery/checkpoint_dynamics/minigrid_doorkey_single_expert_ent1e3_ckptscan,0.5,1384.7312825438223,250.0,0.0,2.0,0.0,30,2.5215011447699e-06,single_expert,11.092404854018241
1.0,0.0040379451820626855,outputs/experiments/greedy_recovery/checkpoint_dynamics/minigrid_doorkey_single_expert_ent1e3_ckptscan/checkpoint_update_0040.pt,0.001,1.393222600221634,MiniGrid-DoorKey-5x5-v0,1.4172461368143559,1.0,1.1392614394426346,0.5226653069257736,1.1392614394426346,0.5226653069257736,250.0,,0.5226653069257736,,,250.0,0.0,0.0,1.0,,,,-0.553388237953186,20480.0,0.0,True,-0.005790103554318193,greedy,1.0,1.0,1.0,0.0,-0.004400674137286842,11.314306020736694,9.78847885131836,0.4581687543541193,11.38881254196167,0.763875637203455,1.417067864909768,0.48046875,0.9059380954131484,0.5073242289945483,0.3159900375176221,0.0,outputs/experiments/greedy_recovery/checkpoint_dynamics/minigrid_doorkey_single_expert_ent1e3_ckptscan,1.0,1384.2154469697637,250.0,0.0,3.0,0.0,40,7.586204901599558e-06,single_expert,14.795384667057078
1.0,0.0040379451820626855,outputs/experiments/greedy_recovery/checkpoint_dynamics/minigrid_doorkey_single_expert_ent1e3_ckptscan/checkpoint_update_0040.pt,0.001,1.393222600221634,MiniGrid-DoorKey-5x5-v0,1.41803426094292,0.5209800758809912,1.1376359181976856,0.5222246511492952,1.1372827302296955,0.5220321429332098,250.0,,0.5222246511492952,1.142933737717535,0.5251122743905761,247.875,0.013900000136345625,0.0625,1.0,,,,-0.553388237953186,20480.0,0.0,False,-0.005790103554318193,sampled_t1.0,1.0,1.0,1.0,0.0,-0.004400674137286842,11.314306020736694,9.78847885131836,0.4581687543541193,11.38881254196167,0.763875637203455,1.417067864909768,0.48046875,0.9059380954131484,0.5073242289945483,0.3159900375176221,0.0,outputs/experiments/greedy_recovery/checkpoint_dynamics/minigrid_doorkey_single_expert_ent1e3_ckptscan,1.0,1384.2154469697637,250.0,0.0,3.0,0.0,40,7.586204901599558e-06,single_expert,14.795384667057078
1.0,0.0040379451820626855,outputs/experiments/greedy_recovery/checkpoint_dynamics/minigrid_doorkey_single_expert_ent1e3_ckptscan/checkpoint_update_0040.pt,0.001,1.393222600221634,MiniGrid-DoorKey-5x5-v0,1.0682075882229285,0.6727467948717949,1.1395629502527225,0.6798923018725637,1.1397730271816253,0.6799629655758539,250.0,,0.6798923018725637,1.1364117963191789,0.6788323463232089,243.125,0.031000000424683094,0.0625,1.0,,,,-0.553388237953186,20480.0,0.0,False,-0.005790103554318193,sampled_t0.7,1.0,1.0,1.0,0.0,-0.004400674137286842,11.314306020736694,9.78847885131836,0.4581687543541193,11.38881254196167,0.763875637203455,1.417067864909768,0.48046875,0.9059380954131484,0.5073242289945483,0.3159900375176221,0.0,outputs/experiments/greedy_recovery/checkpoint_dynamics/minigrid_doorkey_single_expert_ent1e3_ckptscan,0.7,1384.2154469697637,250.0,0.0,3.0,0.0,40,7.586204901599558e-06,single_expert,14.795384667057078
1.0,0.0040379451820626855,outputs/experiments/greedy_recovery/checkpoint_dynamics/minigrid_doorkey_single_expert_ent1e3_ckptscan/checkpoint_update_0040.pt,0.001,1.393222600221634,MiniGrid-DoorKey-5x5-v0,0.6674610898494721,0.827625,1.1395262757092715,0.8287625540345906,1.1395262757092715,0.8287625540345906,250.0,,0.8287625540345906,,,250.0,0.0,0.0,1.0,,,,-0.553388237953186,20480.0,0.0,False,-0.005790103554318193,sampled_t0.5,1.0,1.0,1.0,0.0,-0.004400674137286842,11.314306020736694,9.78847885131836,0.4581687543541193,11.38881254196167,0.763875637203455,1.417067864909768,0.48046875,0.9059380954131484,0.5073242289945483,0.3159900375176221,0.0,outputs/experiments/greedy_recovery/checkpoint_dynamics/minigrid_doorkey_single_expert_ent1e3_ckptscan,0.5,1384.2154469697637,250.0,0.0,3.0,0.0,40,7.586204901599558e-06,single_expert,14.795384667057078
1.0,0.0017632506205700338,outputs/experiments/greedy_recovery/checkpoint_dynamics/minigrid_doorkey_single_expert_ent1e3_ckptscan/checkpoint_update_0050.pt,0.001,1.452822022140026,MiniGrid-DoorKey-5x5-v0,1.4431087225675583,1.0,1.1113125011324883,0.5049995314329863,1.1113125011324883,0.5049995314329863,250.0,,0.5049995314329863,,,250.0,0.0,0.0,1.0,,,,-0.5481680631637573,25600.0,0.0,True,-0.004899845895124599,greedy,1.0,1.0,1.0,0.0,-0.003448048955760896,11.315955996513367,9.481452405452728,0.49682609736919403,11.387522339820862,0.7149069868028164,1.4603833369910717,0.525390625,1.3072323501110077,0.5032467069104314,0.3186217164620757,0.0,outputs/experiments/greedy_recovery/checkpoint_dynamics/minigrid_doorkey_single_expert_ent1e3_ckptscan,1.0,1384.0116063047521,250.0,0.0,2.0,0.0,50,2.049146161198223e-06,single_expert,18.496954710048158
1.0,0.0017632506205700338,outputs/experiments/greedy_recovery/checkpoint_dynamics/minigrid_doorkey_single_expert_ent1e3_ckptscan/checkpoint_update_0050.pt,0.001,1.452822022140026,MiniGrid-DoorKey-5x5-v0,1.44347325659949,0.5073267326732673,1.1102546294324172,0.504636892036083,1.1091998535125485,0.5043579260803038,250.0,,0.504636892036083,1.1429526829483485,0.5132848366652385,245.34375,0.019887499511241913,0.03125,1.0,,,,-0.5481680631637573,25600.0,0.0,False,-0.004899845895124599,sampled_t1.0,1.0,1.0,1.0,0.0,-0.003448048955760896,11.315955996513367,9.481452405452728,0.49682609736919403,11.387522339820862,0.7149069868028164,1.4603833369910717,0.525390625,1.3072323501110077,0.5032467069104314,0.3186217164620757,0.0,outputs/experiments/greedy_recovery/checkpoint_dynamics/minigrid_doorkey_single_expert_ent1e3_ckptscan,1.0,1384.0116063047521,250.0,0.0,2.0,0.0,50,2.049146161198223e-06,single_expert,18.496954710048158
1.0,0.0017632506205700338,outputs/experiments/greedy_recovery/checkpoint_dynamics/minigrid_doorkey_single_expert_ent1e3_ckptscan/checkpoint_update_0050.pt,0.001,1.452822022140026,MiniGrid-DoorKey-5x5-v0,1.1204629444330934,0.655,1.1112095873355865,0.6579016172587873,1.1112095873355865,0.6579016172587873,250.0,,0.6579016172587873,,,250.0,0.0,0.0,1.0,,,,-0.5481680631637573,25600.0,0.0,False,-0.004899845895124599,sampled_t0.7,1.0,1.0,1.0,0.0,-0.003448048955760896,11.315955996513367,9.481452405452728,0.49682609736919403,11.387522339820862,0.7149069868028164,1.4603833369910717,0.525390625,1.3072323501110077,0.5032467069104314,0.3186217164620757,0.0,outputs/experiments/greedy_recovery/checkpoint_dynamics/minigrid_doorkey_single_expert_ent1e3_ckptscan,0.7,1384.0116063047521,250.0,0.0,2.0,0.0,50,2.049146161198223e-06,single_expert,18.496954710048158
1.0,0.0017632506205700338,outputs/experiments/greedy_recovery/checkpoint_dynamics/minigrid_doorkey_single_expert_ent1e3_ckptscan/checkpoint_update_0050.pt,0.001,1.452822022140026,MiniGrid-DoorKey-5x5-v0,0.7271352512389422,0.81225,1.1126350088566541,0.8108083258792758,1.1126350088566541,0.8108083258792758,250.0,,0.8108083258792758,,,250.0,0.0,0.0,1.0,,,,-0.5481680631637573,25600.0,0.0,False,-0.004899845895124599,sampled_t0.5,1.0,1.0,1.0,0.0,-0.003448048955760896,11.315955996513367,9.481452405452728,0.49682609736919403,11.387522339820862,0.7149069868028164,1.4603833369910717,0.525390625,1.3072323501110077,0.5032467069104314,0.3186217164620757,0.0,outputs/experiments/greedy_recovery/checkpoint_dynamics/minigrid_doorkey_single_expert_ent1e3_ckptscan,0.5,1384.0116063047521,250.0,0.0,2.0,0.0,50,2.049146161198223e-06,single_expert,18.496954710048158
1.0,0.00188923129462637,outputs/experiments/greedy_recovery/checkpoint_dynamics/minigrid_doorkey_single_expert_ent1e3_ckptscan/checkpoint_update_0060.pt,0.001,1.4908681884407997,MiniGrid-DoorKey-5x5-v0,1.5099792218506336,1.0,0.19709753058850765,0.3628815226070583,0.19709753058850765,0.3628815226070583,250.0,,0.3628815226070583,,,250.0,0.0,0.0,1.0,,,,-1.09751558303833,30720.0,0.0,True,-0.004778639820870012,greedy,1.0,1.0,1.0,0.0,-0.0032886043190956116,11.313149094581604,9.737041532993317,0.46401420049369335,11.396771848201752,0.7554976269602776,1.4765818510204554,0.388671875,0.05511973681859672,0.3589269630610943,0.27972766919992864,0.0,outputs/experiments/greedy_recovery/checkpoint_dynamics/minigrid_doorkey_single_expert_ent1e3_ckptscan,1.0,1386.0954804832227,250.0,0.0,2.0,0.0,60,1.6645282698846131e-06,single_expert,22.162975374027155
1.0,0.00188923129462637,outputs/experiments/greedy_recovery/checkpoint_dynamics/minigrid_doorkey_single_expert_ent1e3_ckptscan/checkpoint_update_0060.pt,0.001,1.4908681884407997,MiniGrid-DoorKey-5x5-v0,1.5089061067604967,0.36433640907947684,0.1936344833510074,0.36258973816996093,0.19359300548235575,0.36257030338446306,250.0,,0.36258973816996093,0.19425665138078207,0.3628812599524301,248.03125,0.013337499927729368,0.0625,1.0,,,,-1.09751558303833,30720.0,0.0,False,-0.004778639820870012,sampled_t1.0,1.0,1.0,1.0,0.0,-0.0032886043190956116,11.313149094581604,9.737041532993317,0.46401420049369335,11.396771848201752,0.7554976269602776,1.4765818510204554,0.388671875,0.05511973681859672,0.3589269630610943,0.27972766919992864,0.0,outputs/experiments/greedy_recovery/checkpoint_dynamics/minigrid_doorkey_single_expert_ent1e3_ckptscan,1.0,1386.0954804832227,250.0,0.0,2.0,0.0,60,1.6645282698846131e-06,single_expert,22.162975374027155
1.0,0.00188923129462637,outputs/experiments/greedy_recovery/checkpoint_dynamics/minigrid_doorkey_single_expert_ent1e3_ckptscan/checkpoint_update_0060.pt,0.001,1.4908681884407997,MiniGrid-DoorKey-5x5-v0,1.3226275997012853,0.4315,0.19454595360159874,0.43213730656728144,0.19454595360159874,0.43213730656728144,250.0,,0.43213730656728144,,,250.0,0.0,0.0,1.0,,,,-1.09751558303833,30720.0,0.0,False,-0.004778639820870012,sampled_t0.7,1.0,1.0,1.0,0.0,-0.0032886043190956116,11.313149094581604,9.737041532993317,0.46401420049369335,11.396771848201752,0.7554976269602776,1.4765818510204554,0.388671875,0.05511973681859672,0.3589269630610943,0.27972766919992864,0.0,outputs/experiments/greedy_recovery/checkpoint_dynamics/minigrid_doorkey_single_expert_ent1e3_ckptscan,0.7,1386.0954804832227,250.0,0.0,2.0,0.0,60,1.6645282698846131e-06,single_expert,22.162975374027155
1.0,0.00188923129462637,outputs/experiments/greedy_recovery/checkpoint_dynamics/minigrid_doorkey_single_expert_ent1e3_ckptscan/checkpoint_update_0060.pt,0.001,1.4908681884407997,MiniGrid-DoorKey-5x5-v0,1.128039299428463,0.5021249999999999,0.1911991876810789,0.5044932760484517,0.1911991876810789,0.5044932760484517,250.0,,0.5044932760484517,,,250.0,0.0,0.0,1.0,,,,-1.09751558303833,30720.0,0.0,False,-0.004778639820870012,sampled_t0.5,1.0,1.0,1.0,0.0,-0.0032886043190956116,11.313149094581604,9.737041532993317,0.46401420049369335,11.396771848201752,0.7554976269602776,1.4765818510204554,0.388671875,0.05511973681859672,0.3589269630610943,0.27972766919992864,0.0,outputs/experiments/greedy_recovery/checkpoint_dynamics/minigrid_doorkey_single_expert_ent1e3_ckptscan,0.5,1386.0954804832227,250.0,0.0,2.0,0.0,60,1.6645282698846131e-06,single_expert,22.162975374027155
1.0,0.0012912642559967935,outputs/experiments/greedy_recovery/checkpoint_dynamics/minigrid_doorkey_single_expert_ent1e3_ckptscan/checkpoint_update_0070.pt,0.001,1.357186645269394,MiniGrid-DoorKey-5x5-v0,1.3421980209797622,1.0,0.09955336675047874,0.40762875900790096,0.09955336675047874,0.40762875900790096,250.0,,0.40762875900790096,,,250.0,0.0,0.0,1.0,,,,-0.2736309766769409,35840.0,0.0,True,-0.004124156082980335,greedy,1.0,1.0,1.0,0.0,-0.0027686989633366466,11.312238693237305,9.86214953660965,0.44646445102989674,11.400680899620056,0.775333933532238,1.3733576200902462,0.39453125,0.23546556872315705,0.4215308534912765,0.3076843705493957,0.0,outputs/experiments/greedy_recovery/checkpoint_dynamics/minigrid_doorkey_single_expert_ent1e3_ckptscan,1.0,1386.897515050276,250.0,0.0,2.0,0.0,70,3.459549155593322e-06,single_expert,25.841851767036133
1.0,0.0012912642559967935,outputs/experiments/greedy_recovery/checkpoint_dynamics/minigrid_doorkey_single_expert_ent1e3_ckptscan/checkpoint_update_0070.pt,0.001,1.357186645269394,MiniGrid-DoorKey-5x5-v0,1.3413783483803272,0.4045,0.09688368897140026,0.40730000161379576,0.09688368897140026,0.40730000161379576,250.0,,0.40730000161379576,,,250.0,0.0,0.0,1.0,,,,-0.2736309766769409,35840.0,0.0,False,-0.004124156082980335,sampled_t1.0,1.0,1.0,1.0,0.0,-0.0027686989633366466,11.312238693237305,9.86214953660965,0.44646445102989674,11.400680899620056,0.775333933532238,1.3733576200902462,0.39453125,0.23546556872315705,0.4215308534912765,0.3076843705493957,0.0,outputs/experiments/greedy_recovery/checkpoint_dynamics/minigrid_doorkey_single_expert_ent1e3_ckptscan,1.0,1386.897515050276,250.0,0.0,2.0,0.0,70,3.459549155593322e-06,single_expert,25.841851767036133
1.0,0.0012912642559967935,outputs/experiments/greedy_recovery/checkpoint_dynamics/minigrid_doorkey_single_expert_ent1e3_ckptscan/checkpoint_update_0070.pt,0.001,1.357186645269394,MiniGrid-DoorKey-5x5-v0,1.1023903190642594,0.46675,0.09569897662103177,0.4690007708221674,0.09569897662103177,0.4690007708221674,250.0,,0.4690007708221674,,,250.0,0.0,0.0,1.0,,,,-0.2736309766769409,35840.0,0.0,False,-0.004124156082980335,sampled_t0.7,1.0,1.0,1.0,0.0,-0.0027686989633366466,11.312238693237305,9.86214953660965,0.44646445102989674,11.400680899620056,0.775333933532238,1.3733576200902462,0.39453125,0.23546556872315705,0.4215308534912765,0.3076843705493957,0.0,outputs/experiments/greedy_recovery/checkpoint_dynamics/minigrid_doorkey_single_expert_ent1e3_ckptscan,0.7,1386.897515050276,250.0,0.0,2.0,0.0,70,3.459549155593322e-06,single_expert,25.841851767036133
1.0,0.0012912642559967935,outputs/experiments/greedy_recovery/checkpoint_dynamics/minigrid_doorkey_single_expert_ent1e3_ckptscan/checkpoint_update_0070.pt,0.001,1.357186645269394,MiniGrid-DoorKey-5x5-v0,0.9062373099252582,0.516375,0.09732878947257996,0.5186686946749687,0.09732878947257996,0.5186686946749687,250.0,,0.5186686946749687,,,250.0,0.0,0.0,1.0,,,,-0.2736309766769409,35840.0,0.0,False,-0.004124156082980335,sampled_t0.5,1.0,1.0,1.0,0.0,-0.0027686989633366466,11.312238693237305,9.86214953660965,0.44646445102989674,11.400680899620056,0.775333933532238,1.3733576200902462,0.39453125,0.23546556872315705,0.4215308534912765,0.3076843705493957,0.0,outputs/experiments/greedy_recovery/checkpoint_dynamics/minigrid_doorkey_single_expert_ent1e3_ckptscan,0.5,1386.897515050276,250.0,0.0,2.0,0.0,70,3.459549155593322e-06,single_expert,25.841851767036133
1.0,1.6093545127660036e-06,outputs/experiments/greedy_recovery/checkpoint_dynamics/minigrid_doorkey_single_expert_ent1e3_ckptscan/checkpoint_update_0080.pt,0.001,1.3357492983341217,MiniGrid-DoorKey-5x5-v0,1.3338965017199516,1.0,0.27156194849312304,0.44303429017961027,0.27156194849312304,0.44303429017961027,250.0,,0.44303429017961027,,,250.0,0.0,0.0,1.0,,,,-0.895777702331543,40960.0,0.0,True,-0.001385267183650285,greedy,1.0,1.0,1.0,0.0,-5.259038880467415e-05,11.31389582157135,9.802262604236603,0.4551206324249506,11.398130297660828,0.7659627124667168,1.3359191492199898,0.419921875,0.2754773609340191,0.4431192562915385,0.3180179705377668,0.0,outputs/experiments/greedy_recovery/checkpoint_dynamics/minigrid_doorkey_single_expert_ent1e3_ckptscan,1.0,1389.0492300337569,250.0,0.0,3.0,0.0,80,6.145861135564701e-06,single_expert,29.487795763008762
1.0,1.6093545127660036e-06,outputs/experiments/greedy_recovery/checkpoint_dynamics/minigrid_doorkey_single_expert_ent1e3_ckptscan/checkpoint_update_0080.pt,0.001,1.3357492983341217,MiniGrid-DoorKey-5x5-v0,1.3327556144595145,0.441125,0.2693369973301888,0.4429364994689822,0.2693369973301888,0.4429364994689822,250.0,,0.4429364994689822,,,250.0,0.0,0.0,1.0,,,,-0.895777702331543,40960.0,0.0,False,-0.001385267183650285,sampled_t1.0,1.0,1.0,1.0,0.0,-5.259038880467415e-05,11.31389582157135,9.802262604236603,0.4551206324249506,11.398130297660828,0.7659627124667168,1.3359191492199898,0.419921875,0.2754773609340191,0.4431192562915385,0.3180179705377668,0.0,outputs/experiments/greedy_recovery/checkpoint_dynamics/minigrid_doorkey_single_expert_ent1e3_ckptscan,1.0,1389.0492300337569,250.0,0.0,3.0,0.0,80,6.145861135564701e-06,single_expert,29.487795763008762
1.0,1.6093545127660036e-06,outputs/experiments/greedy_recovery/checkpoint_dynamics/minigrid_doorkey_single_expert_ent1e3_ckptscan/checkpoint_update_0080.pt,0.001,1.3357492983341217,MiniGrid-DoorKey-5x5-v0,1.0800106980894677,0.5210338114754098,0.2686018950412752,0.5254327977800466,0.268639959058454,0.5254267426306203,250.0,,0.5254327977800466,0.26742191050873426,0.5256205074122695,249.8125,0.003800000064074993,0.03125,1.0,,,,-0.895777702331543,40960.0,0.0,False,-0.001385267183650285,sampled_t0.7,1.0,1.0,1.0,0.0,-5.259038880467415e-05,11.31389582157135,9.802262604236603,0.4551206324249506,11.398130297660828,0.7659627124667168,1.3359191492199898,0.419921875,0.2754773609340191,0.4431192562915385,0.3180179705377668,0.0,outputs/experiments/greedy_recovery/checkpoint_dynamics/minigrid_doorkey_single_expert_ent1e3_ckptscan,0.7,1389.0492300337569,250.0,0.0,3.0,0.0,80,6.145861135564701e-06,single_expert,29.487795763008762
1.0,1.6093545127660036e-06,outputs/experiments/greedy_recovery/checkpoint_dynamics/minigrid_doorkey_single_expert_ent1e3_ckptscan/checkpoint_update_0080.pt,0.001,1.3357492983341217,MiniGrid-DoorKey-5x5-v0,0.865228047080338,0.59625,0.2699163635671139,0.60041427013278,0.2699163635671139,0.60041427013278,250.0,,0.60041427013278,,,250.0,0.0,0.0,1.0,,,,-0.895777702331543,40960.0,0.0,False,-0.001385267183650285,sampled_t0.5,1.0,1.0,1.0,0.0,-5.259038880467415e-05,11.31389582157135,9.802262604236603,0.4551206324249506,11.398130297660828,0.7659627124667168,1.3359191492199898,0.419921875,0.2754773609340191,0.4431192562915385,0.3180179705377668,0.0,outputs/experiments/greedy_recovery/checkpoint_dynamics/minigrid_doorkey_single_expert_ent1e3_ckptscan,0.5,1389.0492300337569,250.0,0.0,3.0,0.0,80,6.145861135564701e-06,single_expert,29.487795763008762
