active_compute_proxy,checkpoint_path,config_path,eval/action_entropy,eval/action_greedy_match,eval/action_logit_margin,eval/action_max_prob,eval/failure_action_logit_margin,eval/failure_action_max_prob,eval/length_median,eval/long_action_max_prob,eval/short_action_max_prob,eval/success_action_logit_margin,eval/success_action_max_prob,eval_episode_length,eval_return,eval_success_rate,expert_load_0,expert_load_1,expert_load_2,expert_load_3,greedy,label,lane,method,mode,path_coverage_top_10,path_coverage_top_20,path_coverage_top_50,path_entropy,repr/direction_norm,repr/pooled_norm,repr/token_feature_std,repr/token_norm,repr/token_pairwise_cosine,round_index,route_entropy,run_dir,seed,stage,temperature,variant
1.0,outputs/reproductions/lss_robustness_baseline/seed_11/flat_dense_ent1e3/latest.pt,outputs/reproductions/lss_robustness_baseline/seed_11/flat_dense_ent1e3/resolved_config.yaml,0.01801283582289795,1.0,7.514973829584671,0.9971053190859532,,,9.0,0.9963051674950485,0.9977683018327032,7.514973829584671,0.9971053190859532,9.71875,0.9650124870240688,1.0,,,,,True,flat_dense,original,baseline,greedy,,,,,,3.1493239201695085,,,,,0.0,outputs/reproductions/lss_robustness_baseline/seed_11/flat_dense_ent1e3,11,baseline,1.0,flat_dense
1.0,outputs/reproductions/lss_robustness_baseline/seed_11/flat_dense_ent1e3/latest.pt,outputs/reproductions/lss_robustness_baseline/seed_11/flat_dense_ent1e3/resolved_config.yaml,0.01851279466129382,0.9989583333333334,7.5095642251972645,0.9969477026074428,,,9.0,0.9959573242321289,0.9977683018327032,7.5095642251972645,0.9969477026074428,9.75,0.9648999869823456,1.0,,,,,False,flat_dense,original,baseline,sampled_t1.0,,,,,,3.146686151803258,,,,,0.0,outputs/reproductions/lss_robustness_baseline/seed_11/flat_dense_ent1e3,11,baseline,1.0,flat_dense
1.0,outputs/reproductions/lss_robustness_baseline/seed_11/flat_dense_ent1e3/latest.pt,outputs/reproductions/lss_robustness_baseline/seed_11/flat_dense_ent1e3/resolved_config.yaml,0.002933281977559179,1.0,7.514973829584671,0.999400294141501,,,9.0,0.9989904178919854,0.9997399058910996,7.514973829584671,0.999400294141501,9.71875,0.9650124870240688,1.0,,,,,False,flat_dense,original,baseline,sampled_t0.7,,,,,,3.1493239201695085,,,,,0.0,outputs/reproductions/lss_robustness_baseline/seed_11/flat_dense_ent1e3,11,baseline,0.7,flat_dense
1.0,outputs/reproductions/lss_robustness_baseline/seed_11/flat_dense_ent1e3/latest.pt,outputs/reproductions/lss_robustness_baseline/seed_11/flat_dense_ent1e3/resolved_config.yaml,0.0008712071358769368,1.0,7.514973829584671,0.999813475668315,,,9.0,0.9996335411503788,0.9999625642688907,7.514973829584671,0.999813475668315,9.71875,0.9650124870240688,1.0,,,,,False,flat_dense,original,baseline,sampled_t0.5,,,,,,3.1493239201695085,,,,,0.0,outputs/reproductions/lss_robustness_baseline/seed_11/flat_dense_ent1e3,11,baseline,0.5,flat_dense
1.0,outputs/reproductions/lss_robustness_baseline/seed_11/token_dense_ent1e3/latest.pt,outputs/reproductions/lss_robustness_baseline/seed_11/token_dense_ent1e3/resolved_config.yaml,1.380586426705122,1.0,1.174165453761816,0.5371245229616761,1.174165453761816,0.5371245229616761,250.0,,0.5371245229616761,,,250.0,0.0,0.0,,,,,True,recovered_token_dense,original,baseline,greedy,,,,,11.420342087745667,11.23878276348114,0.16383912973105907,11.419490694999695,0.96929731965065,,0.0,outputs/reproductions/lss_robustness_baseline/seed_11/token_dense_ent1e3,11,baseline,1.0,token_dense
1.0,outputs/reproductions/lss_robustness_baseline/seed_11/token_dense_ent1e3/latest.pt,outputs/reproductions/lss_robustness_baseline/seed_11/token_dense_ent1e3/resolved_config.yaml,1.3773750026896596,0.5413125000000001,1.1838870079517365,0.5387836470939219,1.1838870079517365,0.5387836470939219,250.0,,0.5387836470939219,,,250.0,0.0,0.0,,,,,False,recovered_token_dense,original,baseline,sampled_t1.0,,,,,11.4203653717041,11.238440009593964,0.16375001084804536,11.41946174144745,0.9692725294828415,,0.0,outputs/reproductions/lss_robustness_baseline/seed_11/token_dense_ent1e3,11,baseline,1.0,token_dense
1.0,outputs/reproductions/lss_robustness_baseline/seed_11/token_dense_ent1e3/latest.pt,outputs/reproductions/lss_robustness_baseline/seed_11/token_dense_ent1e3/resolved_config.yaml,1.0147622658982873,0.69225,1.1815172939077019,0.6946296920925379,1.1815172939077019,0.6946296920925379,250.0,,0.6946296920925379,,,250.0,0.0,0.0,,,,,False,recovered_token_dense,original,baseline,sampled_t0.7,,,,,11.420331641197205,11.237356801509858,0.16429942758381366,11.419495417118073,0.9690698770582676,,0.0,outputs/reproductions/lss_robustness_baseline/seed_11/token_dense_ent1e3,11,baseline,0.7,token_dense
1.0,outputs/reproductions/lss_robustness_baseline/seed_11/token_dense_ent1e3/latest.pt,outputs/reproductions/lss_robustness_baseline/seed_11/token_dense_ent1e3/resolved_config.yaml,0.6219179964996875,0.8402499999999999,1.18890697106719,0.838112116150558,1.18890697106719,0.838112116150558,250.0,,0.838112116150558,,,250.0,0.0,0.0,,,,,False,recovered_token_dense,original,baseline,sampled_t0.5,,,,,11.420479325294494,11.234481014728546,0.16529393362998962,11.419510631561279,0.968610216498375,,0.0,outputs/reproductions/lss_robustness_baseline/seed_11/token_dense_ent1e3,11,baseline,0.5,token_dense
0.5,outputs/reproductions/lss_robustness_baseline/seed_11/sare_ent1e3/latest.pt,outputs/reproductions/lss_robustness_baseline/seed_11/sare_ent1e3/resolved_config.yaml,1.4438573969975113,1.0,0.3966457797586918,0.38129250715859236,0.3966457797586918,0.38129250715859236,250.0,,0.38129250715859236,,,250.0,0.0,0.0,0.23817616169154643,0.24950483644753693,0.24542999598383902,0.26688897985219956,True,baseline_sare,original,baseline,greedy,0.9999999477565289,0.9999999477565289,0.9999999477565289,0.9346507635116578,11.376037075042724,7.825732196569443,0.6592565921247006,11.327754793643951,0.48950075076520444,,1.3832198657989503,outputs/reproductions/lss_robustness_baseline/seed_11/sare_ent1e3,11,baseline,1.0,sare
0.5,outputs/reproductions/lss_robustness_baseline/seed_11/sare_ent1e3/latest.pt,outputs/reproductions/lss_robustness_baseline/seed_11/sare_ent1e3/resolved_config.yaml,1.361898831638862,0.43587663196320986,0.6351488340379511,0.4384031146185778,0.7233162578174045,0.4607714047687394,140.0,0.45514626208987463,0.42165996714728093,0.6104619553797042,0.43213999337653247,148.265625,0.44436875148676336,0.78125,0.2379903525791385,0.24905523604580335,0.24503753115362548,0.2679168607362292,False,baseline_sare,original,baseline,sampled_t1.0,0.9999999695687325,0.9999999695687325,0.9999999695687325,0.9292286751041938,11.39178077276651,7.685186987960494,0.6646630410830696,11.330651201211014,0.47627930195590895,,1.382931563858088,outputs/reproductions/lss_robustness_baseline/seed_11/sare_ent1e3,11,baseline,1.0,sare
0.5,outputs/reproductions/lss_robustness_baseline/seed_11/sare_ent1e3/latest.pt,outputs/reproductions/lss_robustness_baseline/seed_11/sare_ent1e3/resolved_config.yaml,1.1619404894405112,0.5109820640660601,0.6267768125977519,0.5205489300594777,0.8872723741531371,0.5901261649387225,124.0,0.535934381479567,0.5051634786393884,0.553838055362244,0.5010673042932892,140.234375,0.4732812521979213,0.78125,0.2379463784066327,0.24895930147082934,0.24495837650275581,0.2681359232010317,False,baseline_sare,original,baseline,sampled_t0.7,0.9999999698061857,0.9999999698061857,0.9999999698061857,0.9278208126477616,11.388216143954173,7.65126226179314,0.6668597645751753,11.331251312750705,0.47216073319634,,1.3828836296775266,outputs/reproductions/lss_robustness_baseline/seed_11/sare_ent1e3,11,baseline,0.7,sare
0.5,outputs/reproductions/lss_robustness_baseline/seed_11/sare_ent1e3/latest.pt,outputs/reproductions/lss_robustness_baseline/seed_11/sare_ent1e3/resolved_config.yaml,1.0146323931646108,0.5863025594693723,0.5726083797275734,0.5904753025481362,0.8114796185834068,0.6452301004018102,135.0,0.5970813086681119,0.5842696604354318,0.50572443284794,0.5751439591491073,143.28125,0.46231250022538006,0.78125,0.23801898793317378,0.24909437759779393,0.24508764683268963,0.26779896710067985,False,baseline_sare,original,baseline,sampled_t0.5,0.9999999733641743,0.9999999733641743,0.9999999733641743,0.9295063546858728,11.38551935851574,7.691605886071921,0.6644870836753398,11.330403757840395,0.4769035703269765,,1.3829653390683234,outputs/reproductions/lss_robustness_baseline/seed_11/sare_ent1e3,11,baseline,0.5,sare
1.0,outputs/reproductions/lss_robustness_baseline/seed_19/flat_dense_ent1e3/latest.pt,outputs/reproductions/lss_robustness_baseline/seed_19/flat_dense_ent1e3/resolved_config.yaml,0.028832806378487168,1.0,7.205481042150867,0.9922379988671193,,,10.0,0.9914718032830999,0.9925862695871278,7.205481042150867,0.9922379988671193,10.015625,0.963943736627698,1.0,,,,,True,flat_dense,original,baseline,greedy,,,,,,3.2825354352054825,,,,,0.0,outputs/reproductions/lss_robustness_baseline/seed_19/flat_dense_ent1e3,19,baseline,1.0,flat_dense
1.0,outputs/reproductions/lss_robustness_baseline/seed_19/flat_dense_ent1e3/latest.pt,outputs/reproductions/lss_robustness_baseline/seed_19/flat_dense_ent1e3/resolved_config.yaml,0.028903012086473,0.9958333333333333,7.199966843981755,0.9922290280731616,,,10.0,0.9914508852813686,0.9925827293421583,7.199966843981755,0.9922290280731616,10.015625,0.963943736627698,1.0,,,,,False,flat_dense,original,baseline,sampled_t1.0,,,,,,3.284754419901285,,,,,0.0,outputs/reproductions/lss_robustness_baseline/seed_19/flat_dense_ent1e3,19,baseline,1.0,flat_dense
1.0,outputs/reproductions/lss_robustness_baseline/seed_19/flat_dense_ent1e3/latest.pt,outputs/reproductions/lss_robustness_baseline/seed_19/flat_dense_ent1e3/resolved_config.yaml,0.011206643348388761,0.9958333333333333,7.199966843981755,0.9955913036982144,,,10.0,0.9957897771143671,0.9955010885090537,7.199966843981755,0.9955913036982144,10.015625,0.963943736627698,1.0,,,,,False,flat_dense,original,baseline,sampled_t0.7,,,,,,3.284754419901285,,,,,0.0,outputs/reproductions/lss_robustness_baseline/seed_19/flat_dense_ent1e3,19,baseline,0.7,flat_dense
1.0,outputs/reproductions/lss_robustness_baseline/seed_19/flat_dense_ent1e3/latest.pt,outputs/reproductions/lss_robustness_baseline/seed_19/flat_dense_ent1e3/resolved_config.yaml,0.007837174055543482,0.9958333333333333,7.199966843981755,0.9969442766260928,,,10.0,0.9973229815555124,0.996772138021811,7.199966843981755,0.9969442766260928,10.015625,0.963943736627698,1.0,,,,,False,flat_dense,original,baseline,sampled_t0.5,,,,,,3.284754419901285,,,,,0.0,outputs/reproductions/lss_robustness_baseline/seed_19/flat_dense_ent1e3,19,baseline,0.5,flat_dense
1.0,outputs/reproductions/lss_robustness_baseline/seed_19/token_dense_ent1e3/latest.pt,outputs/reproductions/lss_robustness_baseline/seed_19/token_dense_ent1e3/resolved_config.yaml,0.12172368075640592,1.0,5.372959763652683,0.9755182455057851,,,10.0,0.9807745829301107,0.9732989030377364,5.372959763652683,0.9755182455057851,10.015625,0.963943736627698,1.0,,,,,True,recovered_token_dense,original,baseline,greedy,,,,,11.341902945722852,10.670903657163892,0.3062323945175324,11.34858661038535,0.8948237720344748,,0.0,outputs/reproductions/lss_robustness_baseline/seed_19/token_dense_ent1e3,19,baseline,1.0,token_dense
1.0,outputs/reproductions/lss_robustness_baseline/seed_19/token_dense_ent1e3/latest.pt,outputs/reproductions/lss_robustness_baseline/seed_19/token_dense_ent1e3/resolved_config.yaml,0.12975831437605134,0.974453038791274,5.299477825457121,0.9732834421817554,,,10.0,0.9749236298587931,0.97223203982468,5.299477825457121,0.9732834421817554,10.515625,0.9621437359601259,1.0,,,,,False,recovered_token_dense,original,baseline,sampled_t1.0,,,,,11.342214042490179,10.623143943873318,0.314591827548363,11.347213062373074,0.8884815404360945,,0.0,outputs/reproductions/lss_robustness_baseline/seed_19/token_dense_ent1e3,19,baseline,1.0,token_dense
1.0,outputs/reproductions/lss_robustness_baseline/seed_19/token_dense_ent1e3/latest.pt,outputs/reproductions/lss_robustness_baseline/seed_19/token_dense_ent1e3/resolved_config.yaml,0.03599801485969607,0.9893614631895882,5.31579366469874,0.992509559790862,,,10.0,0.9923709668988215,0.9925821560676452,5.31579366469874,0.992509559790862,10.28125,0.9629874862730503,1.0,,,,,False,recovered_token_dense,original,baseline,sampled_t0.7,,,,,11.342252709399695,10.621761990689683,0.31463922080637396,11.347174896591012,0.8883206001643477,,0.0,outputs/reproductions/lss_robustness_baseline/seed_19/token_dense_ent1e3,19,baseline,0.7,token_dense
1.0,outputs/reproductions/lss_robustness_baseline/seed_19/token_dense_ent1e3/latest.pt,outputs/reproductions/lss_robustness_baseline/seed_19/token_dense_ent1e3/resolved_config.yaml,0.01019388207667678,0.9976151315789473,5.346564618874835,0.9978883555987423,,,10.0,0.9975014765275109,0.998051704539929,5.346564618874835,0.9978883555987423,10.078125,0.9637187365442514,1.0,,,,,False,recovered_token_dense,original,baseline,sampled_t0.5,,,,,11.3417755762736,10.62560280693902,0.31401014178991316,11.347235276963975,0.8888568811946445,,0.0,outputs/reproductions/lss_robustness_baseline/seed_19/token_dense_ent1e3,19,baseline,0.5,token_dense
0.5,outputs/reproductions/lss_robustness_baseline/seed_19/sare_ent1e3/latest.pt,outputs/reproductions/lss_robustness_baseline/seed_19/sare_ent1e3/resolved_config.yaml,1.311645749140531,1.0,0.3079896270185709,0.41659730307385323,0.3079896270185709,0.41659730307385323,250.0,,0.41659730307385323,,,250.0,0.0,0.0,0.24809060654789208,0.2655565206259489,0.24004264947772025,0.2463102121502161,True,baseline_sare,original,baseline,greedy,0.9999999851584435,0.9999999851584435,0.9999999851584435,1.1199446570873262,11.597866530418395,6.7794971120357514,0.7388247151076793,11.264955533981324,0.3771155555695295,,1.3822550891041756,outputs/reproductions/lss_robustness_baseline/seed_19/sare_ent1e3,19,baseline,1.0,sare
0.5,outputs/reproductions/lss_robustness_baseline/seed_19/sare_ent1e3/latest.pt,outputs/reproductions/lss_robustness_baseline/seed_19/sare_ent1e3/resolved_config.yaml,1.1957273793431538,0.4840405693413036,0.6431876534433443,0.49254372584191963,1.147090322971344,0.5954791824817658,75.5,0.48165596338874933,0.5034314882950899,0.6269327286198604,0.4892232272406343,90.921875,0.6695562535896897,0.96875,0.24751198385378823,0.26731232025815016,0.23949326926739373,0.24568240924845988,False,baseline_sare,original,baseline,sampled_t1.0,0.9999999844249169,0.9999999844249169,0.9999999844249169,1.1128634274305411,11.57434971128876,6.593659710644477,0.747665346492475,11.274701367670568,0.3573623868313866,,1.381781622542808,outputs/reproductions/lss_robustness_baseline/seed_19/sare_ent1e3,19,baseline,1.0,sare
0.5,outputs/reproductions/lss_robustness_baseline/seed_19/sare_ent1e3/latest.pt,outputs/reproductions/lss_robustness_baseline/seed_19/sare_ent1e3/resolved_config.yaml,0.9420114598034743,0.5911388055067397,0.7204235112175192,0.5936747011825222,1.0847026000022888,0.6332352000176906,106.0,0.5895853711173632,0.597516193061914,0.6683836413911235,0.5880232013489267,115.34375,0.5722625011112541,0.875,0.24732375529929557,0.2677251527082241,0.23943357073019436,0.24551750261387797,False,baseline_sare,original,baseline,sampled_t0.7,0.9999999918028976,0.9999999918028976,0.9999999918028976,1.112012181160258,11.569009609447248,6.525488540091074,0.7521453434802694,11.277860588081225,0.34889320926722467,,1.3816945729649137,outputs/reproductions/lss_robustness_baseline/seed_19/sare_ent1e3,19,baseline,0.7,sare
0.5,outputs/reproductions/lss_robustness_baseline/seed_19/sare_ent1e3/latest.pt,outputs/reproductions/lss_robustness_baseline/seed_19/sare_ent1e3/resolved_config.yaml,0.7222513329597642,0.7027024958085537,0.7123513441148039,0.6933513565328677,0.7906836898326873,0.7269114951321056,232.5,0.7312221744495053,0.6554805386162299,0.651426186334228,0.6672490265112382,192.796875,0.26218125177547336,0.5625,0.24740468250450726,0.2673190254648477,0.23970779690283767,0.24556847623692057,False,baseline_sare,original,baseline,sampled_t0.5,0.9999999899792938,0.9999999899792938,0.9999999899792938,1.118881109494201,11.593180472942842,6.507145232014163,0.7537932141334894,11.278138102511242,0.3456747376013218,,1.3817787277297688,outputs/reproductions/lss_robustness_baseline/seed_19/sare_ent1e3,19,baseline,0.5,sare
1.0,outputs/reproductions/lss_robustness_baseline/seed_7/flat_dense_ent1e3/latest.pt,outputs/reproductions/lss_robustness_baseline/seed_7/flat_dense_ent1e3/resolved_config.yaml,0.04012687357405109,1.0,6.632663866967803,0.9930964880330522,,,11.0,0.9925696694911226,0.9933537715070178,6.632663866967803,0.9930964880330522,10.859375,0.9609062355011702,1.0,,,,,True,flat_dense,original,baseline,greedy,,,,,,3.4425489955478246,,,,,0.0,outputs/reproductions/lss_robustness_baseline/seed_7/flat_dense_ent1e3,7,baseline,1.0,flat_dense
1.0,outputs/reproductions/lss_robustness_baseline/seed_7/flat_dense_ent1e3/latest.pt,outputs/reproductions/lss_robustness_baseline/seed_7/flat_dense_ent1e3/resolved_config.yaml,0.040393157255027436,0.9965401785714285,6.624794632346344,0.9930492645536351,,,11.0,0.9925718659431468,0.993299330492462,6.624794632346344,0.9930492645536351,10.921875,0.9606812354177237,1.0,,,,,False,flat_dense,original,baseline,sampled_t1.0,,,,,,3.4501191731337664,,,,,0.0,outputs/reproductions/lss_robustness_baseline/seed_7/flat_dense_ent1e3,7,baseline,1.0,flat_dense
1.0,outputs/reproductions/lss_robustness_baseline/seed_7/flat_dense_ent1e3/latest.pt,outputs/reproductions/lss_robustness_baseline/seed_7/flat_dense_ent1e3/resolved_config.yaml,0.007440979010371443,1.0,6.632663866967803,0.9986428067693736,,,11.0,0.9990588858185608,0.9984396053732587,6.632663866967803,0.9986428067693736,10.859375,0.9609062355011702,1.0,,,,,False,flat_dense,original,baseline,sampled_t0.7,,,,,,3.4425489955478246,,,,,0.0,outputs/reproductions/lss_robustness_baseline/seed_7/flat_dense_ent1e3,7,baseline,0.7,flat_dense
1.0,outputs/reproductions/lss_robustness_baseline/seed_7/flat_dense_ent1e3/latest.pt,outputs/reproductions/lss_robustness_baseline/seed_7/flat_dense_ent1e3/resolved_config.yaml,0.0017477314459108783,1.0,6.632663866967803,0.9996716315002596,,,11.0,0.9999184878827304,0.9995510737320761,6.632663866967803,0.9996716315002596,10.859375,0.9609062355011702,1.0,,,,,False,flat_dense,original,baseline,sampled_t0.5,,,,,,3.4425489955478246,,,,,0.0,outputs/reproductions/lss_robustness_baseline/seed_7/flat_dense_ent1e3,7,baseline,0.5,flat_dense
1.0,outputs/reproductions/lss_robustness_baseline/seed_7/token_dense_ent1e3/latest.pt,outputs/reproductions/lss_robustness_baseline/seed_7/token_dense_ent1e3/resolved_config.yaml,0.7672709472353345,1.0,1.731284282165138,0.729103174905567,0.48156721145228343,0.5218924092242593,11.0,0.6288847784523273,0.8175311717760729,2.258942600910565,0.816592164859897,81.640625,0.6764062400907278,0.703125,,,,,True,recovered_token_dense,original,baseline,greedy,,,,,11.347744785611281,9.012945349564028,0.5444768324989797,11.332677278982098,0.6472711531097627,,0.0,outputs/reproductions/lss_robustness_baseline/seed_7/token_dense_ent1e3,7,baseline,1.0,token_dense
1.0,outputs/reproductions/lss_robustness_baseline/seed_7/token_dense_ent1e3/latest.pt,outputs/reproductions/lss_robustness_baseline/seed_7/token_dense_ent1e3/resolved_config.yaml,0.6841163250136848,0.7936908177343676,1.9819898590190692,0.7740526667760836,,,14.0,0.7497200005411767,0.7969106259664509,1.9819898590190692,0.7740526667760836,15.671875,0.9435812346637249,1.0,,,,,False,recovered_token_dense,original,baseline,sampled_t1.0,,,,,11.345847624585144,9.6079990774169,0.46944583313805716,11.33501028476801,0.732369984002938,,0.0,outputs/reproductions/lss_robustness_baseline/seed_7/token_dense_ent1e3,7,baseline,1.0,token_dense
1.0,outputs/reproductions/lss_robustness_baseline/seed_7/token_dense_ent1e3/latest.pt,outputs/reproductions/lss_robustness_baseline/seed_7/token_dense_ent1e3/resolved_config.yaml,0.3909124616327454,0.8605986629838469,1.9602028825277458,0.8545348546537397,,,13.0,0.8227002394240113,0.8826242210329118,1.9602028825277458,0.8545348546537397,14.328125,0.9484187345951796,1.0,,,,,False,recovered_token_dense,original,baseline,sampled_t0.7,,,,,11.345257141551034,9.601928992349594,0.46966748159439836,11.3346842468762,0.7317845836037495,,0.0,outputs/reproductions/lss_robustness_baseline/seed_7/token_dense_ent1e3,7,baseline,0.7,token_dense
1.0,outputs/reproductions/lss_robustness_baseline/seed_7/token_dense_ent1e3/latest.pt,outputs/reproductions/lss_robustness_baseline/seed_7/token_dense_ent1e3/resolved_config.yaml,0.23170361007343818,0.9214847455677759,2.011237107937988,0.9046695909766327,,,12.0,0.8701155534576043,0.9268196150272922,2.011237107937988,0.9046695909766327,13.734375,0.9505562381818891,1.0,,,,,False,recovered_token_dense,original,baseline,sampled_t0.5,,,,,11.345071433955788,9.562653378543692,0.4745045294109573,11.334821921128492,0.7253897592552707,,0.0,outputs/reproductions/lss_robustness_baseline/seed_7/token_dense_ent1e3,7,baseline,0.5,token_dense
0.5,outputs/reproductions/lss_robustness_baseline/seed_7/sare_ent1e3/latest.pt,outputs/reproductions/lss_robustness_baseline/seed_7/sare_ent1e3/resolved_config.yaml,1.337785590108484,1.0,0.40664625899493695,0.41770274318754674,0.40664625899493695,0.41770274318754674,250.0,,0.41770274318754674,,,250.0,0.0,0.0,0.2550734705030918,0.24841929393261672,0.24803117234259844,0.2484760502129793,True,baseline_sare,original,baseline,greedy,0.9999999925792217,0.9999999925792217,0.9999999925792217,1.2285044238567353,11.551625040531158,6.424601987838745,0.7752664829790592,11.290794645309449,0.3337999366819859,,1.3855363711714745,outputs/reproductions/lss_robustness_baseline/seed_7/sare_ent1e3,7,baseline,1.0,sare
0.5,outputs/reproductions/lss_robustness_baseline/seed_7/sare_ent1e3/latest.pt,outputs/reproductions/lss_robustness_baseline/seed_7/sare_ent1e3/resolved_config.yaml,1.2060470413464461,0.5073611987655641,0.7309019173935023,0.4995334208436381,,,50.5,0.48974565107373663,0.5093211906135395,0.7309019173935023,0.4995334208436381,59.75,0.784900005441159,1.0,0.2554738260480538,0.24835762818446333,0.24802868921199187,0.2481398428765891,False,baseline_sare,original,baseline,sampled_t1.0,0.9999999794036306,0.9999999794036306,0.9999999794036306,1.2153226690558654,11.555130642330044,6.112799674428571,0.7895527059703181,11.299649453287973,0.30364130156514535,,1.3854873369709568,outputs/reproductions/lss_robustness_baseline/seed_7/sare_ent1e3,7,baseline,1.0,sare
0.5,outputs/reproductions/lss_robustness_baseline/seed_7/sare_ent1e3/latest.pt,outputs/reproductions/lss_robustness_baseline/seed_7/sare_ent1e3/resolved_config.yaml,1.0260034052879419,0.5718015426874408,0.7214916673149512,0.5748622126572359,1.870957555770874,0.868098958492279,40.5,0.5559842670798611,0.5937401582346108,0.7032461770220001,0.5702076611360449,53.109375,0.8072437490336597,0.984375,0.25536846610215996,0.24837151101002328,0.24803356200784119,0.24822644692855877,False,baseline_sare,original,baseline,sampled_t0.7,0.9999999825771039,0.9999999825771039,0.9999999825771039,1.2162444098965153,11.55830147921384,6.184804943629674,0.786430796293112,11.297499457558432,0.31014301904610225,,1.3854989753974662,outputs/reproductions/lss_robustness_baseline/seed_7/sare_ent1e3,7,baseline,0.7,sare
0.5,outputs/reproductions/lss_robustness_baseline/seed_7/sare_ent1e3/latest.pt,outputs/reproductions/lss_robustness_baseline/seed_7/sare_ent1e3/resolved_config.yaml,0.8642851154731542,0.6533885559411392,0.6937009833843475,0.6518908249974711,,,47.5,0.6416465974357399,0.6621350525592022,0.6937009833843475,0.6518908249974711,53.265625,0.8082437505945563,1.0,0.25528861712123346,0.2484049418655174,0.24799804145246127,0.24830838546342374,False,baseline_sare,original,baseline,sampled_t0.5,0.9999999892414853,0.9999999892414853,0.9999999892414853,1.2207131769152597,11.553784819559437,6.243528463039161,0.7837606004412243,11.296367888628694,0.3154748872355307,,1.3855139113560753,outputs/reproductions/lss_robustness_baseline/seed_7/sare_ent1e3,7,baseline,0.5,sare
0.5,outputs/reproductions/lss_claim_hardening_baseline/seed_11/kl_lss_sare/latest.pt,outputs/reproductions/lss_claim_hardening_baseline/seed_11/kl_lss_sare/student_resolved_config.yaml,0.12998497207436177,1.0,5.234742876400787,0.9714755540339217,5.035926529714039,0.9853722842335702,10.0,0.9853722842335702,0.9606669861008618,5.389377812712701,0.9606669861008618,114.234375,0.5450062435120344,0.5625,0.25503668689600845,0.25072543941878167,0.2424473438090992,0.25179050066521874,True,kl_lss_sare,original,kl_lss_sare,greedy,0.9999999997691978,0.9999999997691978,0.9999999997691978,1.2793745818004256,11.381068651581549,0.606407397945068,0.960940894925929,11.318674654374394,-0.018290085407895364,,1.3489743636169138,outputs/reproductions/lss_claim_hardening_baseline/seed_11/kl_lss_sare,11,lss_claim_hardening_baseline,1.0,sare
0.5,outputs/reproductions/lss_claim_hardening_baseline/seed_11/kl_lss_sare/latest.pt,outputs/reproductions/lss_claim_hardening_baseline/seed_11/kl_lss_sare/student_resolved_config.yaml,0.15626274629911796,0.9584116877081665,5.119071981904968,0.9627695941142893,5.027853273391723,0.9846091225147248,11.0,0.9699230299317024,0.956049699861568,5.126802380931514,0.9609187866227269,51.34375,0.8073499919846654,0.921875,0.25630736442244784,0.2503674109675446,0.24195364598108798,0.25137155098574504,False,kl_lss_sare,original,kl_lss_sare,sampled_t1.0,0.9999999992701472,0.9999999992701472,0.9999999992701472,1.279114621756028,11.389465814707231,0.6406133773375531,0.9612069462026869,11.319742701004962,-0.017639790617917872,,1.3483848065746074,outputs/reproductions/lss_claim_hardening_baseline/seed_11/kl_lss_sare,11,lss_claim_hardening_baseline,1.0,sare
0.5,outputs/reproductions/lss_claim_hardening_baseline/seed_11/kl_lss_sare/latest.pt,outputs/reproductions/lss_claim_hardening_baseline/seed_11/kl_lss_sare/student_resolved_config.yaml,0.05004782224039257,0.9885265945147941,5.230662696492395,0.988346456671733,5.035166429800146,0.9980991408123688,9.5,0.9914109401495195,0.9852819731939466,5.301374112104485,0.984818890067673,81.65625,0.6794749919790775,0.734375,0.2552671418760461,0.25066121759815047,0.24235550468467704,0.25171610682901707,False,kl_lss_sare,original,kl_lss_sare,sampled_t0.7,0.9999999993979328,0.9999999993979328,0.9999999993979328,1.2793740789697627,11.382960078692195,0.6132364473258606,0.96100150598119,11.318898691071404,-0.018168176654867377,,1.3488773068394324,outputs/reproductions/lss_claim_hardening_baseline/seed_11/kl_lss_sare,11,lss_claim_hardening_baseline,0.7,sare
0.5,outputs/reproductions/lss_claim_hardening_baseline/seed_11/kl_lss_sare/latest.pt,outputs/reproductions/lss_claim_hardening_baseline/seed_11/kl_lss_sare/student_resolved_config.yaml,0.013577198597397738,0.9998750000000001,5.234732747545081,0.9974033007017145,5.035903378043855,0.9996876811214855,10.0,0.9996876811214855,0.9956265603752258,5.389377812712701,0.9956265603752258,114.234375,0.5450062435120344,0.5625,0.2550376834706669,0.2507253214356283,0.2424472337741935,0.25178973209419414,False,kl_lss_sare,original,kl_lss_sare,sampled_t0.5,0.9999999997691978,0.9999999997691978,0.9999999997691978,1.279389880518253,11.381060812618703,0.6064566688869952,0.9609392467103646,11.318673488362139,-0.018290053037899507,,1.3489737382585982,outputs/reproductions/lss_claim_hardening_baseline/seed_11/kl_lss_sare,11,lss_claim_hardening_baseline,0.5,sare
0.5,outputs/reproductions/lss_claim_hardening_baseline/seed_19/kl_lss_sare/latest.pt,outputs/reproductions/lss_claim_hardening_baseline/seed_19/kl_lss_sare/student_resolved_config.yaml,0.08048469400316308,1.0,5.829954916853872,0.978950485306792,6.284563139668218,0.9967721038924323,10.0,0.9967721038924323,0.9659455203929462,5.498213781286647,0.9659455203929462,110.609375,0.5596187431365252,0.578125,0.24630571813290864,0.26424895013667127,0.2485006279380087,0.2409446741932207,True,kl_lss_sare,original,kl_lss_sare,greedy,0.999999993731936,0.999999993731936,0.999999993731936,0.9446581917240882,11.539728136814789,0.5367251384745786,0.9814312207315774,11.32730766582396,-0.017925533715421525,,1.3837117691467196,outputs/reproductions/lss_claim_hardening_baseline/seed_19/kl_lss_sare,19,lss_claim_hardening_baseline,1.0,sare
0.5,outputs/reproductions/lss_claim_hardening_baseline/seed_19/kl_lss_sare/latest.pt,outputs/reproductions/lss_claim_hardening_baseline/seed_19/kl_lss_sare/student_resolved_config.yaml,0.08343399146952529,0.9732787169963565,5.7855592732221925,0.9782142910664663,6.285371324580649,0.9967437790891398,10.5,0.9903561031079893,0.9660724790249433,5.5051769029479365,0.9678197002244787,103.90625,0.5899999924004078,0.640625,0.24629500313945438,0.2642573609647923,0.24848858680287703,0.2409590163830103,False,kl_lss_sare,original,kl_lss_sare,sampled_t1.0,0.9999999872320909,0.9999999872320909,0.9999999872320909,0.9450024971274278,11.539121052366804,0.5422532532526099,0.9814020221458386,11.327497862555948,-0.017843888878964542,,1.3837080259717536,outputs/reproductions/lss_claim_hardening_baseline/seed_19/kl_lss_sare,19,lss_claim_hardening_baseline,1.0,sare
0.5,outputs/reproductions/lss_claim_hardening_baseline/seed_19/kl_lss_sare/latest.pt,outputs/reproductions/lss_claim_hardening_baseline/seed_19/kl_lss_sare/student_resolved_config.yaml,0.03249634080519392,0.9842471078586916,5.798850999751662,0.9910121877113429,6.2846666264710604,0.9996603492630852,10.0,0.9978931024570532,0.984940792347481,5.444336893767234,0.984701367119531,113.546875,0.5490437434054911,0.578125,0.24630248981882558,0.2642517881477007,0.24849806090466817,0.24094763049944698,False,kl_lss_sare,original,kl_lss_sare,sampled_t0.7,0.9999999934997855,0.9999999934997855,0.9999999934997855,0.9446276685743509,11.539804729769966,0.5374003262807703,0.9814294180828269,11.327329763767201,-0.017919637701730766,,1.3837114370554076,outputs/reproductions/lss_claim_hardening_baseline/seed_19/kl_lss_sare,19,lss_claim_hardening_baseline,0.7,sare
0.5,outputs/reproductions/lss_claim_hardening_baseline/seed_19/kl_lss_sare/latest.pt,outputs/reproductions/lss_claim_hardening_baseline/seed_19/kl_lss_sare/student_resolved_config.yaml,0.015107200630315759,0.9905625,5.809810404798222,0.9956603509309805,6.284153199019256,0.9998845624305583,10.0,0.9998845624305583,0.9925778182150724,5.463668365772064,0.9925778182150724,110.640625,0.5595062430948019,0.578125,0.24630382130359604,0.26425100614869024,0.24849877145935753,0.24094637115544912,False,kl_lss_sare,original,kl_lss_sare,sampled_t0.5,0.999999993731936,0.999999993731936,0.999999993731936,0.9445872112397674,11.539812297876761,0.5370820773785395,0.9814283102605684,11.327311377446398,-0.017921673488542945,,1.3837117849329545,outputs/reproductions/lss_claim_hardening_baseline/seed_19/kl_lss_sare,19,lss_claim_hardening_baseline,0.5,sare
0.5,outputs/reproductions/lss_claim_hardening_baseline/seed_7/kl_lss_sare/latest.pt,outputs/reproductions/lss_claim_hardening_baseline/seed_7/kl_lss_sare/student_resolved_config.yaml,0.05792313894314011,1.0,5.988990702550271,0.9900415436491373,,,11.0,0.9898570139848049,0.9901254207692883,5.988990702550271,0.9900415436491373,10.921875,0.9606812354177237,1.0,0.24632011128194403,0.24979259675801402,0.25048550511851453,0.25340176561866146,True,kl_lss_sare,original,kl_lss_sare,greedy,0.9999999933772616,0.9999999933772616,0.9999999933772616,1.269103659523858,11.467710967015739,0.8807272899030435,0.9717341041324115,11.310502562860046,-0.012998507842609678,,1.3844813277023007,outputs/reproductions/lss_claim_hardening_baseline/seed_7/kl_lss_sare,7,lss_claim_hardening_baseline,1.0,sare
0.5,outputs/reproductions/lss_claim_hardening_baseline/seed_7/kl_lss_sare/latest.pt,outputs/reproductions/lss_claim_hardening_baseline/seed_7/kl_lss_sare/student_resolved_config.yaml,0.0595055808098255,0.993936011904762,5.975496136614484,0.9894761121815114,,,11.0,0.9895931328936808,0.9894104664161478,5.975496136614484,0.9894761121815114,10.953125,0.9605687353760004,1.0,0.24628105711029924,0.24986862439824187,0.2505120920098346,0.25333821514378424,False,kl_lss_sare,original,kl_lss_sare,sampled_t1.0,0.9999999922254811,0.9999999922254811,0.9999999922254811,1.2671435475349426,11.46413691147514,0.9151704460382462,0.9716333235087602,11.311124366262685,-0.012567135302916817,,1.3844989797343379,outputs/reproductions/lss_claim_hardening_baseline/seed_7/kl_lss_sare,7,lss_claim_hardening_baseline,1.0,sare
0.5,outputs/reproductions/lss_claim_hardening_baseline/seed_7/kl_lss_sare/latest.pt,outputs/reproductions/lss_claim_hardening_baseline/seed_7/kl_lss_sare/student_resolved_config.yaml,0.011436850984524877,0.9984375,5.981816927630312,0.9978655851873582,,,11.0,0.9986080232011526,0.9975029991806211,5.981816927630312,0.9978655851873582,10.859375,0.9609062355011702,1.0,0.24627809276183446,0.2498902769552337,0.2505138041244613,0.25331780513127644,False,kl_lss_sare,original,kl_lss_sare,sampled_t0.7,0.9999999940395355,0.9999999940395355,0.9999999940395355,1.2666917337311638,11.464717197418214,0.9171575493282742,0.9716013212998708,11.311314508650039,-0.012530765573804578,,1.3844969206386142,outputs/reproductions/lss_claim_hardening_baseline/seed_7/kl_lss_sare,7,lss_claim_hardening_baseline,0.7,sare
0.5,outputs/reproductions/lss_claim_hardening_baseline/seed_7/kl_lss_sare/latest.pt,outputs/reproductions/lss_claim_hardening_baseline/seed_7/kl_lss_sare/student_resolved_config.yaml,0.0027501239707326533,0.9984375,5.981816927630312,0.999392402139866,,,11.0,0.9998795517645395,0.9991544918580488,5.981816927630312,0.999392402139866,10.859375,0.9609062355011702,1.0,0.24627809276183446,0.2498902769552337,0.2505138041244613,0.25331780513127644,False,kl_lss_sare,original,kl_lss_sare,sampled_t0.5,0.9999999940395355,0.9999999940395355,0.9999999940395355,1.2666917337311638,11.464717197418214,0.9171575493282742,0.9716013212998708,11.311314508650039,-0.012530765573804578,,1.3844969206386142,outputs/reproductions/lss_claim_hardening_baseline/seed_7/kl_lss_sare,7,lss_claim_hardening_baseline,0.5,sare
1.0,outputs/experiments/lss_claim_hardening/additional_seeds/seed_23/flat_dense_ent1e3/latest.pt,outputs/experiments/lss_claim_hardening/additional_seeds/seed_23/flat_dense_ent1e3/resolved_config.yaml,0.04793922201911168,1.0,6.4424076211099734,0.9897123423718173,,,10.0,0.9833403094523735,0.9926087209715643,6.4424076211099734,0.9897123423718173,9.984375,0.9640562366694212,1.0,,,,,True,flat_dense,fresh,baseline,greedy,,,,,,3.602215221949986,,,,,0.0,outputs/experiments/lss_claim_hardening/additional_seeds/seed_23/flat_dense_ent1e3,23,baseline,1.0,flat_dense
1.0,outputs/experiments/lss_claim_hardening/additional_seeds/seed_23/flat_dense_ent1e3/latest.pt,outputs/experiments/lss_claim_hardening/additional_seeds/seed_23/flat_dense_ent1e3/resolved_config.yaml,0.050702116257575085,0.984747414044289,6.4212317958339655,0.9887292405181043,,,10.0,0.9828540907258786,0.9915984997189586,6.4212317958339655,0.9887292405181043,10.171875,0.9633812364190817,1.0,,,,,False,flat_dense,fresh,baseline,sampled_t1.0,,,,,,3.594742915209602,,,,,0.0,outputs/experiments/lss_claim_hardening/additional_seeds/seed_23/flat_dense_ent1e3,23,baseline,1.0,flat_dense
1.0,outputs/experiments/lss_claim_hardening/additional_seeds/seed_23/flat_dense_ent1e3/latest.pt,outputs/experiments/lss_claim_hardening/additional_seeds/seed_23/flat_dense_ent1e3/resolved_config.yaml,0.014481859476974375,0.9940104166666667,6.435167155981801,0.9953311362036255,,,10.0,0.9921972808284518,0.9967556159196135,6.435167155981801,0.9953311362036255,9.984375,0.9640562366694212,1.0,,,,,False,flat_dense,fresh,baseline,sampled_t0.7,,,,,,3.596784918081193,,,,,0.0,outputs/experiments/lss_claim_hardening/additional_seeds/seed_23/flat_dense_ent1e3,23,baseline,0.7,flat_dense
1.0,outputs/experiments/lss_claim_hardening/additional_seeds/seed_23/flat_dense_ent1e3/latest.pt,outputs/experiments/lss_claim_hardening/additional_seeds/seed_23/flat_dense_ent1e3/resolved_config.yaml,0.007628794640745457,0.9940104166666667,6.435167155981801,0.9970486211298998,,,10.0,0.9947035406401386,0.9981145668070641,6.435167155981801,0.9970486211298998,9.984375,0.9640562366694212,1.0,,,,,False,flat_dense,fresh,baseline,sampled_t0.5,,,,,,3.596784918081193,,,,,0.0,outputs/experiments/lss_claim_hardening/additional_seeds/seed_23/flat_dense_ent1e3,23,baseline,0.5,flat_dense
1.0,outputs/experiments/lss_claim_hardening/additional_seeds/seed_23/token_dense_ent1e3/latest.pt,outputs/experiments/lss_claim_hardening/additional_seeds/seed_23/token_dense_ent1e3/resolved_config.yaml,1.4542783631682397,1.0,1.0605553944334387,0.5232222138140351,1.0605553944334387,0.5232222138140351,250.0,,0.5232222138140351,,,250.0,0.0,0.0,,,,,True,recovered_token_dense,fresh,baseline,greedy,,,,,11.322639866828919,10.793697350025177,0.22692618035525083,11.34715380859375,0.943649589151144,,0.0,outputs/experiments/lss_claim_hardening/additional_seeds/seed_23/token_dense_ent1e3,23,baseline,1.0,token_dense
1.0,outputs/experiments/lss_claim_hardening/additional_seeds/seed_23/token_dense_ent1e3/latest.pt,outputs/experiments/lss_claim_hardening/additional_seeds/seed_23/token_dense_ent1e3/resolved_config.yaml,1.2409240193963051,0.6003750000000001,1.4474439918547868,0.6060922764297576,1.4474439918547868,0.6060922764297576,250.0,,0.6060922764297576,,,250.0,0.0,0.0,,,,,False,recovered_token_dense,fresh,baseline,sampled_t1.0,,,,,11.330796696662903,10.8270512509346,0.23724166640639305,11.35423759508133,0.9369273188412189,,0.0,outputs/experiments/lss_claim_hardening/additional_seeds/seed_23/token_dense_ent1e3,23,baseline,1.0,token_dense
1.0,outputs/experiments/lss_claim_hardening/additional_seeds/seed_23/token_dense_ent1e3/latest.pt,outputs/experiments/lss_claim_hardening/additional_seeds/seed_23/token_dense_ent1e3/resolved_config.yaml,0.9080488666109741,0.735625,1.3564913534373044,0.7380666312985121,1.3564913534373044,0.7380666312985121,250.0,,0.7380666312985121,,,250.0,0.0,0.0,,,,,False,recovered_token_dense,fresh,baseline,sampled_t0.7,,,,,11.328691652297973,10.820024193286896,0.2339892235696316,11.35217125415802,0.9390340742170811,,0.0,outputs/experiments/lss_claim_hardening/additional_seeds/seed_23/token_dense_ent1e3,23,baseline,0.7,token_dense
1.0,outputs/experiments/lss_claim_hardening/additional_seeds/seed_23/token_dense_ent1e3/latest.pt,outputs/experiments/lss_claim_hardening/additional_seeds/seed_23/token_dense_ent1e3/resolved_config.yaml,0.5737549728476443,0.8558125000000001,1.2420356322750448,0.853028068266809,1.2420356322750448,0.853028068266809,250.0,,0.853028068266809,,,250.0,0.0,0.0,,,,,False,recovered_token_dense,fresh,baseline,sampled_t0.5,,,,,11.326279467582703,10.819074316978455,0.2280256301611662,11.349869441032409,0.942872883528471,,0.0,outputs/experiments/lss_claim_hardening/additional_seeds/seed_23/token_dense_ent1e3,23,baseline,0.5,token_dense
0.5,outputs/experiments/lss_claim_hardening/additional_seeds/seed_23/sare_ent1e3/latest.pt,outputs/experiments/lss_claim_hardening/additional_seeds/seed_23/sare_ent1e3/resolved_config.yaml,1.7066140696406364,1.0,0.7606439171358943,0.3937118477188051,0.7606439171358943,0.3937118477188051,250.0,,0.3937118477188051,,,250.0,0.0,0.0,0.24587435834109783,0.24526265263557434,0.263237863779068,0.24562508799135685,True,baseline_sare,fresh,baseline,greedy,0.9999999925494194,0.9999999925494194,0.9999999925494194,0.28087360225617886,11.33165156841278,9.298333287239075,0.5416595861315727,11.391061425209045,0.6781321689486504,,1.3856862932443619,outputs/experiments/lss_claim_hardening/additional_seeds/seed_23/sare_ent1e3,23,baseline,1.0,sare
0.5,outputs/experiments/lss_claim_hardening/additional_seeds/seed_23/sare_ent1e3/latest.pt,outputs/experiments/lss_claim_hardening/additional_seeds/seed_23/sare_ent1e3/resolved_config.yaml,1.7028641698360443,0.39699999999999996,0.7746307301931084,0.3967367326244712,0.7746307301931084,0.3967367326244712,250.0,,0.3967367326244712,,,250.0,0.0,0.0,0.24585520789027215,0.245301011800766,0.2632132634073496,0.24563049402087928,False,baseline_sare,fresh,baseline,sampled_t1.0,0.9999999905824661,0.9999999905824661,0.9999999905824661,0.29907427021861077,11.33080481004715,9.271862009525298,0.5442744323313237,11.390776368618011,0.6748142256736755,,1.385687907397747,outputs/experiments/lss_claim_hardening/additional_seeds/seed_23/sare_ent1e3,23,baseline,1.0,sare
0.5,outputs/experiments/lss_claim_hardening/additional_seeds/seed_23/sare_ent1e3/latest.pt,outputs/experiments/lss_claim_hardening/additional_seeds/seed_23/sare_ent1e3/resolved_config.yaml,1.4569288741925612,0.5283523936170214,0.7697813805867224,0.5283307040884615,0.7680826431531754,0.5278630276180449,250.0,,0.5283307040884615,0.8768018389001806,0.557794321724709,247.5625,0.010337499901652336,0.015625,0.24586798572540283,0.24527452301979064,0.26322100292146206,0.2456364673152566,False,baseline_sare,fresh,baseline,sampled_t0.7,0.9999999909102917,0.9999999909102917,0.9999999909102917,0.2990398476943374,11.330891964435578,9.280498672485352,0.5436065277755261,11.390885387897491,0.6759386017322541,,1.3856870532035828,outputs/experiments/lss_claim_hardening/additional_seeds/seed_23/sare_ent1e3,23,baseline,0.7,sare
0.5,outputs/experiments/lss_claim_hardening/additional_seeds/seed_23/sare_ent1e3/latest.pt,outputs/experiments/lss_claim_hardening/additional_seeds/seed_23/sare_ent1e3/resolved_config.yaml,1.08007329274714,0.68525,0.7737611623220146,0.6874787520207465,0.7737611623220146,0.6874787520207465,250.0,,0.6874787520207465,,,250.0,0.0,0.0,0.24586301477998496,0.24529417702555656,0.2632054806947708,0.24563730570673942,False,baseline_sare,fresh,baseline,sampled_t0.5,0.9999999926686287,0.9999999926686287,0.9999999926686287,0.29705709556490184,11.331229936599732,9.269594766139985,0.5450040526986122,11.39075678396225,0.6741652925014496,,1.3856880284547806,outputs/experiments/lss_claim_hardening/additional_seeds/seed_23/sare_ent1e3,23,baseline,0.5,sare
1.0,outputs/experiments/lss_claim_hardening/additional_seeds/seed_29/flat_dense_ent1e3/latest.pt,outputs/experiments/lss_claim_hardening/additional_seeds/seed_29/flat_dense_ent1e3/resolved_config.yaml,0.04092515680315262,1.0,6.717832520962872,0.9925795751089118,,,11.0,0.9896607103868896,0.9941085042490185,6.717832520962872,0.9925795751089118,10.75,0.9612999856472015,1.0,,,,,True,flat_dense,fresh,baseline,greedy,,,,,,3.8315389906422475,,,,,0.0,outputs/experiments/lss_claim_hardening/additional_seeds/seed_29/flat_dense_ent1e3,29,baseline,1.0,flat_dense
1.0,outputs/experiments/lss_claim_hardening/additional_seeds/seed_29/flat_dense_ent1e3/latest.pt,outputs/experiments/lss_claim_hardening/additional_seeds/seed_29/flat_dense_ent1e3/resolved_config.yaml,0.042110950942394906,0.9979300213675214,6.703002043322944,0.9922215332380677,,,11.0,0.9881293359795636,0.9945171560903993,6.703002043322944,0.9922215332380677,10.875,0.9608499854803085,1.0,,,,,False,flat_dense,fresh,baseline,sampled_t1.0,,,,,,3.8302667822156633,,,,,0.0,outputs/experiments/lss_claim_hardening/additional_seeds/seed_29/flat_dense_ent1e3,29,baseline,1.0,flat_dense
1.0,outputs/experiments/lss_claim_hardening/additional_seeds/seed_29/flat_dense_ent1e3/latest.pt,outputs/experiments/lss_claim_hardening/additional_seeds/seed_29/flat_dense_ent1e3/resolved_config.yaml,0.009008678075772051,0.9987980769230769,6.712502602742337,0.9979354030673443,,,11.0,0.996096863175681,0.9989667791041309,6.712502602742337,0.9979354030673443,10.78125,0.9611874856054783,1.0,,,,,False,flat_dense,fresh,baseline,sampled_t0.7,,,,,,3.8309809974070346,,,,,0.0,outputs/experiments/lss_claim_hardening/additional_seeds/seed_29/flat_dense_ent1e3,29,baseline,0.7,flat_dense
1.0,outputs/experiments/lss_claim_hardening/additional_seeds/seed_29/flat_dense_ent1e3/latest.pt,outputs/experiments/lss_claim_hardening/additional_seeds/seed_29/flat_dense_ent1e3/resolved_config.yaml,0.003124803256508751,0.9987980769230769,6.712502602742337,0.9991755799713067,,,11.0,0.998253342228286,0.9996929328515378,6.712502602742337,0.9991755799713067,10.78125,0.9611874856054783,1.0,,,,,False,flat_dense,fresh,baseline,sampled_t0.5,,,,,,3.8309809974070346,,,,,0.0,outputs/experiments/lss_claim_hardening/additional_seeds/seed_29/flat_dense_ent1e3,29,baseline,0.5,flat_dense
1.0,outputs/experiments/lss_claim_hardening/additional_seeds/seed_29/token_dense_ent1e3/latest.pt,outputs/experiments/lss_claim_hardening/additional_seeds/seed_29/token_dense_ent1e3/resolved_config.yaml,1.5690613394491375,1.0,0.5195666021183133,0.3727724331393838,0.5195666021183133,0.3727724331393838,250.0,,0.3727724331393838,,,250.0,0.0,0.0,,,,,True,recovered_token_dense,fresh,baseline,greedy,,,,,11.351515975475312,11.079386339187622,0.19590054032951593,11.369767733097076,0.9584497376084328,,0.0,outputs/experiments/lss_claim_hardening/additional_seeds/seed_29/token_dense_ent1e3,29,baseline,1.0,token_dense
1.0,outputs/experiments/lss_claim_hardening/additional_seeds/seed_29/token_dense_ent1e3/latest.pt,outputs/experiments/lss_claim_hardening/additional_seeds/seed_29/token_dense_ent1e3/resolved_config.yaml,1.5357960911914708,0.346375,0.3575792647562921,0.35076349191181366,0.3575792647562921,0.35076349191181366,250.0,,0.35076349191181366,,,250.0,0.0,0.0,,,,,False,recovered_token_dense,fresh,baseline,sampled_t1.0,,,,,11.339360697746276,11.074887322425843,0.1878545469790697,11.359610502243042,0.9620134482979774,,0.0,outputs/experiments/lss_claim_hardening/additional_seeds/seed_29/token_dense_ent1e3,29,baseline,1.0,token_dense
1.0,outputs/experiments/lss_claim_hardening/additional_seeds/seed_29/token_dense_ent1e3/latest.pt,outputs/experiments/lss_claim_hardening/additional_seeds/seed_29/token_dense_ent1e3/resolved_config.yaml,1.3644618530366568,0.3991875,0.306355408012867,0.4010000635609031,0.306355408012867,0.4010000635609031,250.0,,0.4010000635609031,,,250.0,0.0,0.0,,,,,False,recovered_token_dense,fresh,baseline,sampled_t0.7,,,,,11.337951449871063,11.075773520469665,0.18654133048653604,11.358494132518768,0.962650004863739,,0.0,outputs/experiments/lss_claim_hardening/additional_seeds/seed_29/token_dense_ent1e3,29,baseline,0.7,token_dense
1.0,outputs/experiments/lss_claim_hardening/additional_seeds/seed_29/token_dense_ent1e3/latest.pt,outputs/experiments/lss_claim_hardening/additional_seeds/seed_29/token_dense_ent1e3/resolved_config.yaml,1.1962346684020013,0.45918749999999997,0.29274366406723856,0.46027542947977784,0.29274366406723856,0.46027542947977784,250.0,,0.46027542947977784,,,250.0,0.0,0.0,,,,,False,recovered_token_dense,fresh,baseline,sampled_t0.5,,,,,11.337678777217866,11.078298625946045,0.18537303188443183,11.35832843875885,0.9631927141845227,,0.0,outputs/experiments/lss_claim_hardening/additional_seeds/seed_29/token_dense_ent1e3,29,baseline,0.5,token_dense
0.5,outputs/experiments/lss_claim_hardening/additional_seeds/seed_29/sare_ent1e3/latest.pt,outputs/experiments/lss_claim_hardening/additional_seeds/seed_29/sare_ent1e3/resolved_config.yaml,1.2273850434049964,1.0,0.5402715673670172,0.48497066188044846,0.5402715673670172,0.48497066188044846,250.0,,0.48497066188044846,,,250.0,0.0,0.0,0.24717620841413737,0.24631508538126945,0.25383934274315834,0.252669357791543,True,baseline_sare,fresh,baseline,greedy,0.9999999851286411,0.9999999851286411,0.9999999851286411,1.3110624259114265,11.614155915260316,1.5269912911653518,0.9710371480584145,11.430612213134765,-0.00043547491217759673,,1.385384712934494,outputs/experiments/lss_claim_hardening/additional_seeds/seed_29/sare_ent1e3,29,baseline,1.0,sare
0.5,outputs/experiments/lss_claim_hardening/additional_seeds/seed_29/sare_ent1e3/latest.pt,outputs/experiments/lss_claim_hardening/additional_seeds/seed_29/sare_ent1e3/resolved_config.yaml,0.9443810074642522,0.666440971926612,1.4501014726749257,0.6482721956671124,2.7945475440025334,0.8676743907928467,30.0,0.6614722200734483,0.6358721727399481,1.3839811740850434,0.6374819237756829,47.859375,0.8230187487788498,0.953125,0.24655610855136598,0.24516327116071904,0.2541299960854965,0.2541505960824852,False,baseline_sare,fresh,baseline,sampled_t1.0,0.999999974729828,0.999999974729828,0.999999974729828,1.310911417556798,11.630295995193693,2.0395535980501482,0.9601157230715598,11.446948734845984,0.013569858554597249,,1.3852199870869861,outputs/experiments/lss_claim_hardening/additional_seeds/seed_29/sare_ent1e3,29,baseline,1.0,sare
0.5,outputs/experiments/lss_claim_hardening/additional_seeds/seed_29/sare_ent1e3/latest.pt,outputs/experiments/lss_claim_hardening/additional_seeds/seed_29/sare_ent1e3/resolved_config.yaml,0.670814410391319,0.7391006025212261,1.4598266726647307,0.7411738233460539,3.0388019719123838,0.9544499819278717,29.0,0.756253020894065,0.7278686490389854,1.4088919855922257,0.7342939472627695,40.5625,0.8508499972522259,0.96875,0.24695071875256427,0.24581915619684028,0.2538167185130272,0.25341337998496727,False,baseline_sare,fresh,baseline,sampled_t0.7,0.9999999793920111,0.9999999793920111,0.9999999793920111,1.3195067602903285,11.608172685542005,1.6420638491498663,0.9683970815323769,11.436734184305719,0.0012975611849431012,,1.385315383685396,outputs/experiments/lss_claim_hardening/additional_seeds/seed_29/sare_ent1e3,29,baseline,0.7,sare
0.5,outputs/experiments/lss_claim_hardening/additional_seeds/seed_29/sare_ent1e3/latest.pt,outputs/experiments/lss_claim_hardening/additional_seeds/seed_29/sare_ent1e3/resolved_config.yaml,0.48376627922679294,0.7879722593698947,1.4437450990268732,0.8042313223533974,2.638868741171701,0.9471575855187009,38.5,0.8387515017027986,0.7697111430039962,1.2969755289389118,0.7866789742453776,69.515625,0.7388062495738268,0.890625,0.2468638725613874,0.24574412304902188,0.25384950520853794,0.253542471811573,False,baseline_sare,fresh,baseline,sampled_t0.5,0.9999999843736646,0.9999999843736646,0.9999999843736646,1.323513809141222,11.626508625934786,1.6908376841941846,0.9670815906681858,11.439775772334269,0.0022520382220277877,,1.3853101726603845,outputs/experiments/lss_claim_hardening/additional_seeds/seed_29/sare_ent1e3,29,baseline,0.5,sare
1.0,outputs/experiments/lss_claim_hardening/additional_seeds/seed_31/flat_dense_ent1e3/latest.pt,outputs/experiments/lss_claim_hardening/additional_seeds/seed_31/flat_dense_ent1e3/resolved_config.yaml,0.03434631043636922,1.0,7.20530479626846,0.9913141333766995,,,9.0,0.9852501757341428,0.9952012857116719,7.20530479626846,0.9913141333766995,9.640625,0.965293737128377,1.0,,,,,True,flat_dense,fresh,baseline,greedy,,,,,,3.3367085574585715,,,,,0.0,outputs/experiments/lss_claim_hardening/additional_seeds/seed_31/flat_dense_ent1e3,31,baseline,1.0,flat_dense
1.0,outputs/experiments/lss_claim_hardening/additional_seeds/seed_31/flat_dense_ent1e3/latest.pt,outputs/experiments/lss_claim_hardening/additional_seeds/seed_31/flat_dense_ent1e3/resolved_config.yaml,0.03613170012839574,0.9906300080128205,7.1806324024566575,0.9905347259920945,,,9.0,0.9832548928295539,0.9952012857116719,7.1806324024566575,0.9905347259920945,9.796875,0.9647312369197607,1.0,,,,,False,flat_dense,fresh,baseline,sampled_t1.0,,,,,,3.3480839405530767,,,,,0.0,outputs/experiments/lss_claim_hardening/additional_seeds/seed_31/flat_dense_ent1e3,31,baseline,1.0,flat_dense
1.0,outputs/experiments/lss_claim_hardening/additional_seeds/seed_31/flat_dense_ent1e3/latest.pt,outputs/experiments/lss_claim_hardening/additional_seeds/seed_31/flat_dense_ent1e3/resolved_config.yaml,0.012665001364015629,0.9947182158119658,7.203074797039785,0.9958242075921796,,,9.0,0.992419028201105,0.9980070148941506,7.203074797039785,0.9958242075921796,9.671875,0.9651812370866537,1.0,,,,,False,flat_dense,fresh,baseline,sampled_t0.7,,,,,,3.3341233435972235,,,,,0.0,outputs/experiments/lss_claim_hardening/additional_seeds/seed_31/flat_dense_ent1e3,31,baseline,0.7,flat_dense
1.0,outputs/experiments/lss_claim_hardening/additional_seeds/seed_31/flat_dense_ent1e3/latest.pt,outputs/experiments/lss_claim_hardening/additional_seeds/seed_31/flat_dense_ent1e3/resolved_config.yaml,0.007359321265613291,0.9960202991452991,7.2022771242216805,0.9975272016448586,,,9.0,0.9958435385180757,0.9986064728799757,7.2022771242216805,0.9975272016448586,9.671875,0.9651812370866537,1.0,,,,,False,flat_dense,fresh,baseline,sampled_t0.5,,,,,,3.3347886285664123,,,,,0.0,outputs/experiments/lss_claim_hardening/additional_seeds/seed_31/flat_dense_ent1e3,31,baseline,0.5,flat_dense
1.0,outputs/experiments/lss_claim_hardening/additional_seeds/seed_31/token_dense_ent1e3/latest.pt,outputs/experiments/lss_claim_hardening/additional_seeds/seed_31/token_dense_ent1e3/resolved_config.yaml,0.027271169743622543,1.0,7.102591631795323,0.9957016342322895,,,10.0,0.9943620315007401,0.9968115907812874,7.102591631795323,0.9957016342322895,10.703125,0.9614687357097864,1.0,,,,,True,recovered_token_dense,fresh,baseline,greedy,,,,,11.332968165365498,10.16641579317243,0.393901840689477,11.336485905593701,0.814521026075556,,0.0,outputs/experiments/lss_claim_hardening/additional_seeds/seed_31/token_dense_ent1e3,31,baseline,1.0,token_dense
1.0,outputs/experiments/lss_claim_hardening/additional_seeds/seed_31/token_dense_ent1e3/latest.pt,outputs/experiments/lss_claim_hardening/additional_seeds/seed_31/token_dense_ent1e3/resolved_config.yaml,0.028752975039398214,0.9946222333630421,7.083657193374805,0.995286801067081,,,10.0,0.9935233206281029,0.9968428132191204,7.083657193374805,0.995286801067081,10.796875,0.9611312355846167,1.0,,,,,False,recovered_token_dense,fresh,baseline,sampled_t1.0,,,,,11.332886357461252,10.164542639127342,0.39409272292608855,11.336511488883726,0.8142658843789049,,0.0,outputs/experiments/lss_claim_hardening/additional_seeds/seed_31/token_dense_ent1e3,31,baseline,1.0,token_dense
1.0,outputs/experiments/lss_claim_hardening/additional_seeds/seed_31/token_dense_ent1e3/latest.pt,outputs/experiments/lss_claim_hardening/additional_seeds/seed_31/token_dense_ent1e3/resolved_config.yaml,0.004283715829369853,0.9990808823529411,7.09750142848381,0.9992448059069254,,,10.0,0.9986110154483564,0.999769946572597,7.09750142848381,0.9992448059069254,10.734375,0.9613562356680632,1.0,,,,,False,recovered_token_dense,fresh,baseline,sampled_t0.7,,,,,11.332839745741625,10.168333567105806,0.39344797291598477,11.336486187609998,0.8149130475390088,,0.0,outputs/experiments/lss_claim_hardening/additional_seeds/seed_31/token_dense_ent1e3,31,baseline,0.7,token_dense
1.0,outputs/experiments/lss_claim_hardening/additional_seeds/seed_31/token_dense_ent1e3/latest.pt,outputs/experiments/lss_claim_hardening/additional_seeds/seed_31/token_dense_ent1e3/resolved_config.yaml,0.0010059442208109762,1.0,7.102591631795323,0.9998071488317677,,,10.0,0.9995852478047144,0.9999910096827547,7.102591631795323,0.9998071488317677,10.703125,0.9614687357097864,1.0,,,,,False,recovered_token_dense,fresh,baseline,sampled_t0.5,,,,,11.332968165365498,10.16641579317243,0.393901840689477,11.336485905593701,0.814521026075556,,0.0,outputs/experiments/lss_claim_hardening/additional_seeds/seed_31/token_dense_ent1e3,31,baseline,0.5,token_dense
0.5,outputs/experiments/lss_claim_hardening/additional_seeds/seed_31/sare_ent1e3/latest.pt,outputs/experiments/lss_claim_hardening/additional_seeds/seed_31/sare_ent1e3/resolved_config.yaml,1.2607887341640889,1.0,0.7966405537724495,0.533895248387009,0.7966405537724495,0.533895248387009,250.0,,0.533895248387009,,,250.0,0.0,0.0,0.2446320981308818,0.2526995932906866,0.24936841102689505,0.2532998682111502,True,baseline_sare,fresh,baseline,greedy,0.9999999701678753,0.9999999701678753,0.9999999701678753,1.0143879957199096,11.392337875366211,7.2073185069561,0.7225073770284652,11.318674580574037,0.4192963135689497,,1.3853823636174203,outputs/experiments/lss_claim_hardening/additional_seeds/seed_31/sare_ent1e3,31,baseline,1.0,sare
0.5,outputs/experiments/lss_claim_hardening/additional_seeds/seed_31/sare_ent1e3/latest.pt,outputs/experiments/lss_claim_hardening/additional_seeds/seed_31/sare_ent1e3/resolved_config.yaml,1.2515606987388432,0.5459132659454381,0.8915903071672463,0.5450807057680216,0.9096183588572911,0.5540805903400694,250.0,,0.5450807057680216,0.8698323137482267,0.5342187761121018,201.0625,0.2214874983765185,0.453125,0.24447938854604034,0.25449706167495895,0.24886840456149334,0.25215511631336057,False,baseline_sare,fresh,baseline,sampled_t1.0,0.9999999826523795,0.9999999826523795,0.9999999826523795,1.0226155464397368,11.393801446623424,6.750682363006469,0.7490546652014302,11.329096424593306,0.3681750225179094,,1.3852463545262745,outputs/experiments/lss_claim_hardening/additional_seeds/seed_31/sare_ent1e3,31,baseline,1.0,sare
0.5,outputs/experiments/lss_claim_hardening/additional_seeds/seed_31/sare_ent1e3/latest.pt,outputs/experiments/lss_claim_hardening/additional_seeds/seed_31/sare_ent1e3/resolved_config.yaml,0.9281821296253447,0.6901413654754027,0.9324117345077658,0.686534938684835,0.9012900395644339,0.6798822754401911,250.0,,0.686534938684835,0.9778972886557126,0.6962580618885456,204.40625,0.2047625007107854,0.40625,0.24445849719183346,0.2546487176376305,0.24880416839177372,0.2520885886651799,False,baseline_sare,fresh,baseline,sampled_t0.7,0.9999999837950966,0.9999999837950966,0.9999999837950966,1.0217515797175454,11.389602578253307,6.7182333831988705,0.750976620564654,11.329724108549824,0.36485032669880496,,1.3852346099549997,outputs/experiments/lss_claim_hardening/additional_seeds/seed_31/sare_ent1e3,31,baseline,0.7,sare
0.5,outputs/experiments/lss_claim_hardening/additional_seeds/seed_31/sare_ent1e3/latest.pt,outputs/experiments/lss_claim_hardening/additional_seeds/seed_31/sare_ent1e3/resolved_config.yaml,0.6332910419403748,0.7983960720651897,0.884947898293053,0.7975937516130353,0.8836543150504431,0.7983010842919349,250.0,,0.7975937516130353,0.9043516469322029,0.7869837614295387,245.109375,0.023856249637901783,0.0625,0.24452377121895552,0.2539300023317337,0.24900519923120737,0.25254099889099596,False,baseline_sare,fresh,baseline,sampled_t0.5,0.99999998280406,0.99999998280406,0.99999998280406,1.019772663295269,11.38930410861969,6.894945202350616,0.7410987693965435,11.32561185836792,0.38425870224833486,,1.3852865563631058,outputs/experiments/lss_claim_hardening/additional_seeds/seed_31/sare_ent1e3,31,baseline,0.5,sare
0.5,outputs/experiments/lss_claim_hardening/additional_seeds/seed_23/kl_lss_sare/latest.pt,outputs/experiments/lss_claim_hardening/additional_seeds/seed_23/kl_lss_sare/student_resolved_config.yaml,0.12201974231048524,1.0,5.320887420215124,0.9716761354508787,,,10.0,0.9634831908322397,0.9754002011866238,5.320887420215124,0.9716761354508787,9.984375,0.9640562366694212,1.0,0.24376080681880316,0.24888252271782785,0.22524543266211236,0.2821112179330417,True,kl_lss_sare,fresh,kl_lss_sare,greedy,0.9999999716168358,0.9999999716168358,0.9999999716168358,0.8016277487788882,11.456283501216344,0.9701390159981591,0.9692877772308531,11.301872650782267,-0.012656142768849219,,1.3803662714504061,outputs/experiments/lss_claim_hardening/additional_seeds/seed_23/kl_lss_sare,23,additional_seeds,1.0,sare
0.5,outputs/experiments/lss_claim_hardening/additional_seeds/seed_23/kl_lss_sare/latest.pt,outputs/experiments/lss_claim_hardening/additional_seeds/seed_23/kl_lss_sare/student_resolved_config.yaml,0.12907166666079642,0.9722163253413254,5.248523614440979,0.9697582257968627,,,10.0,0.9628278561238642,0.9742007704590413,5.248523614440979,0.9697582257968627,10.40625,0.9625374861061573,1.0,0.24380253066961793,0.24890738640023374,0.2252264315712041,0.2820636325183956,False,kl_lss_sare,fresh,kl_lss_sare,sampled_t1.0,0.9999999712253439,0.9999999712253439,0.9999999712253439,0.8027229452955311,11.456700544247681,0.9716828691548315,0.9692389519735315,11.301754787050445,-0.012657639120930228,,1.3803719843941173,outputs/experiments/lss_claim_hardening/additional_seeds/seed_23/kl_lss_sare,23,additional_seeds,1.0,sare
0.5,outputs/experiments/lss_claim_hardening/additional_seeds/seed_23/kl_lss_sare/latest.pt,outputs/experiments/lss_claim_hardening/additional_seeds/seed_23/kl_lss_sare/student_resolved_config.yaml,0.04222895778397753,0.9825292545995672,5.2781429683226415,0.9886136803647878,,,10.0,0.9824531722485538,0.9920695751616995,5.2781429683226415,0.9886136803647878,10.234375,0.9631562363356352,1.0,0.24381614416495137,0.2489058829244526,0.2252281028991458,0.28204984843045816,False,kl_lss_sare,fresh,kl_lss_sare,sampled_t0.7,0.9999999712253439,0.9999999712253439,0.9999999712253439,0.80279685299972,11.457105910641024,0.9707252965576347,0.9692368247043127,11.301748571724728,-0.012663672324912301,,1.3803777036995724,outputs/experiments/lss_claim_hardening/additional_seeds/seed_23/kl_lss_sare,23,additional_seeds,0.7,sare
0.5,outputs/experiments/lss_claim_hardening/additional_seeds/seed_23/kl_lss_sare/latest.pt,outputs/experiments/lss_claim_hardening/additional_seeds/seed_23/kl_lss_sare/student_resolved_config.yaml,0.015676749742535474,0.9904761904761905,5.308217401336403,0.9946265716344422,,,10.0,0.989843109777043,0.9968008724787147,5.308217401336403,0.9946265716344422,10.015625,0.963943736627698,1.0,0.24379476319466317,0.2488964581418605,0.22523770516826994,0.2820710504338855,False,kl_lss_sare,fresh,kl_lss_sare,sampled_t0.5,0.9999999666497821,0.9999999666497821,0.9999999666497821,0.8032160103321075,11.457162062327066,0.9713674847568784,0.9692471098332178,11.301779849188668,-0.012649875910331806,,1.3803687280132657,outputs/experiments/lss_claim_hardening/additional_seeds/seed_23/kl_lss_sare,23,additional_seeds,0.5,sare
0.5,outputs/experiments/lss_claim_hardening/additional_seeds/seed_29/kl_lss_sare/latest.pt,outputs/experiments/lss_claim_hardening/additional_seeds/seed_29/kl_lss_sare/student_resolved_config.yaml,0.0525920560435896,1.0,6.262577737517697,0.9907309017055498,,,11.0,0.9891681441119856,0.9915494890164643,6.262577737517697,0.9907309017055498,10.75,0.9612999856472015,1.0,0.24140086904000702,0.24509716837593679,0.24243992734491154,0.2710620117991158,True,kl_lss_sare,fresh,kl_lss_sare,greedy,0.9999999845965525,0.9999999845965525,0.9999999845965525,1.1888078451156616,11.629900321531832,0.8468509075346957,0.9853374703546588,11.418369143196706,-0.013571931295138732,,1.3778435326694103,outputs/experiments/lss_claim_hardening/additional_seeds/seed_29/kl_lss_sare,29,additional_seeds,1.0,sare
0.5,outputs/experiments/lss_claim_hardening/additional_seeds/seed_29/kl_lss_sare/latest.pt,outputs/experiments/lss_claim_hardening/additional_seeds/seed_29/kl_lss_sare/student_resolved_config.yaml,0.054628999532672265,0.9971487713675213,6.230921744094456,0.9903525156035229,,,11.0,0.9880770548731929,0.9914637871229864,6.230921744094456,0.9903525156035229,11.28125,0.9593874858692288,1.0,0.24123273036813223,0.2449983505792515,0.24219370417056546,0.2715751938922431,False,kl_lss_sare,fresh,kl_lss_sare,sampled_t1.0,0.9999999846181562,0.9999999846181562,0.9999999846181562,1.189149018256895,11.624012403590704,0.8756370429069765,0.9849640746270457,11.418828636087397,-0.013044185190391477,,1.3777014670833465,outputs/experiments/lss_claim_hardening/additional_seeds/seed_29/kl_lss_sare,29,additional_seeds,1.0,sare
0.5,outputs/experiments/lss_claim_hardening/additional_seeds/seed_29/kl_lss_sare/latest.pt,outputs/experiments/lss_claim_hardening/additional_seeds/seed_29/kl_lss_sare/student_resolved_config.yaml,0.010903639478158207,0.9987980769230769,6.257253125178638,0.9978222354566453,,,11.0,0.9967577337402317,0.9984193949560968,6.257253125178638,0.9978222354566453,10.78125,0.9611874856054783,1.0,0.2414035674896133,0.24509798559579957,0.24244657393251912,0.2710518512163269,False,kl_lss_sare,fresh,kl_lss_sare,sampled_t0.7,0.9999999832571222,0.9999999832571222,0.9999999832571222,1.1887233967191717,11.630356017123447,0.846622170357222,0.9853429586699839,11.418363528305225,-0.0135718869683699,,1.3778435420454218,outputs/experiments/lss_claim_hardening/additional_seeds/seed_29/kl_lss_sare,29,additional_seeds,0.7,sare
0.5,outputs/experiments/lss_claim_hardening/additional_seeds/seed_29/kl_lss_sare/latest.pt,outputs/experiments/lss_claim_hardening/additional_seeds/seed_29/kl_lss_sare/student_resolved_config.yaml,0.0030792391051229716,0.9987980769230769,6.257253125178638,0.9993538056659754,,,11.0,0.9989783611479062,0.9995644208834289,6.257253125178638,0.9993538056659754,10.78125,0.9611874856054783,1.0,0.2414035674896133,0.24509798559579957,0.24244657393251912,0.2710518512163269,False,kl_lss_sare,fresh,kl_lss_sare,sampled_t0.5,0.9999999832571222,0.9999999832571222,0.9999999832571222,1.1887233967191717,11.630356017123447,0.846622170357222,0.9853429586699839,11.418363528305225,-0.0135718869683699,,1.3778435420454218,outputs/experiments/lss_claim_hardening/additional_seeds/seed_29/kl_lss_sare,29,additional_seeds,0.5,sare
0.5,outputs/experiments/lss_claim_hardening/additional_seeds/seed_31/kl_lss_sare/latest.pt,outputs/experiments/lss_claim_hardening/additional_seeds/seed_31/kl_lss_sare/student_resolved_config.yaml,0.33172948469749386,1.0,4.1468546901499455,0.9045691849282859,,,9.0,0.9051141423260495,0.9042198532630528,4.1468546901499455,0.9045691849282859,9.640625,0.965293737128377,1.0,0.25239274089719044,0.24903068093605985,0.25379345740801024,0.24478309298003162,True,kl_lss_sare,fresh,kl_lss_sare,greedy,0.9999999793959252,0.9999999793959252,0.9999999793959252,1.2938569180759383,11.449198805255655,1.003424178670954,0.9804031642866723,11.337055359357668,-0.010876132606494206,,1.384194744957818,outputs/experiments/lss_claim_hardening/additional_seeds/seed_31/kl_lss_sare,31,additional_seeds,1.0,sare
0.5,outputs/experiments/lss_claim_hardening/additional_seeds/seed_31/kl_lss_sare/latest.pt,outputs/experiments/lss_claim_hardening/additional_seeds/seed_31/kl_lss_sare/student_resolved_config.yaml,0.43562182988421627,0.8519639309828577,3.650078725100339,0.8654331841235794,3.637898723602295,0.9246201303005218,12.0,0.8403676937294703,0.8889795538877423,3.650272058457451,0.8644937087874376,25.046875,0.9082687390036881,0.984375,0.2538367753081462,0.24787563649827943,0.25165934066342954,0.24662821986438596,False,kl_lss_sare,fresh,kl_lss_sare,sampled_t1.0,0.9999999914537457,0.9999999914537457,0.9999999914537457,1.291300352443667,11.448935677023496,1.5604648745673544,0.9749983411063167,11.350027101881365,0.0022593421807173665,,1.3841743052882307,outputs/experiments/lss_claim_hardening/additional_seeds/seed_31/kl_lss_sare,31,additional_seeds,1.0,sare
0.5,outputs/experiments/lss_claim_hardening/additional_seeds/seed_31/kl_lss_sare/latest.pt,outputs/experiments/lss_claim_hardening/additional_seeds/seed_31/kl_lss_sare/student_resolved_config.yaml,0.20989792124403203,0.9356738645341587,3.9216902956364286,0.9350934170588892,,,10.0,0.9072896150968771,0.9541170710328976,3.9216902956364286,0.9350934170588892,10.859375,0.9609062364324927,1.0,0.25305407112386047,0.24853064733393052,0.25284449267788095,0.245570761190743,False,kl_lss_sare,fresh,kl_lss_sare,sampled_t0.7,0.9999999829701015,0.9999999829701015,0.9999999829701015,1.2959054217619055,11.44008803167263,1.2443473945144845,0.9781621514248247,11.342691782141934,-0.0053303457905162725,,1.3841873557627702,outputs/experiments/lss_claim_hardening/additional_seeds/seed_31/kl_lss_sare,31,additional_seeds,0.7,sare
0.5,outputs/experiments/lss_claim_hardening/additional_seeds/seed_31/kl_lss_sare/latest.pt,outputs/experiments/lss_claim_hardening/additional_seeds/seed_31/kl_lss_sare/student_resolved_config.yaml,0.09929951817640813,0.9743838195484682,4.01583440329428,0.97120455383084,,,9.0,0.9568445290626271,0.9810298339354067,4.01583440329428,0.97120455383084,11.28125,0.9593874868005514,1.0,0.2525625116722558,0.2488178599585769,0.2536149646646233,0.24500463886927532,False,kl_lss_sare,fresh,kl_lss_sare,sampled_t0.5,0.9999999750045038,0.9999999750045038,0.9999999750045038,1.2960979746234031,11.458161887302193,1.07679182739668,0.9799330708801105,11.338274914731262,-0.009581497675108333,,1.3841515164221487,outputs/experiments/lss_claim_hardening/additional_seeds/seed_31/kl_lss_sare,31,additional_seeds,0.5,sare
